{
  "accuracy": 0.6523999430280587,
  "cuda_available": true,
  "cuda_device_count": 1,
  "dataset": "cais/mmlu",
  "datasets": "4.5.0",
  "emissions_kg_co2": 0.06721611965781953,
  "git_commit": "ef942e1edecc0078e334bf4645d75647363a38ac",
  "group_sparsity_achieved": 0.0,
  "group_sparsity_requested": 0,
  "metric": "accuracy",
  "model_hf_id": "meta-llama/Llama-3.1-8B-Instruct",
  "model_name": "llama31_8b_instruct",
  "num_correct": 9161,
  "num_groups_pruned": 0,
  "num_groups_total": 458752,
  "num_nonzero_target_params": 6979321856,
  "num_samples": 14042,
  "num_total_target_params": 6979321856,
  "per_subject_accuracy": {
    "abstract_algebra": 0.31,
    "anatomy": 0.6592592592592592,
    "astronomy": 0.7171052631578947,
    "business_ethics": 0.62,
    "clinical_knowledge": 0.7773584905660378,
    "college_biology": 0.7708333333333334,
    "college_chemistry": 0.43,
    "college_computer_science": 0.51,
    "college_mathematics": 0.25,
    "college_medicine": 0.7109826589595376,
    "college_physics": 0.43137254901960786,
    "computer_security": 0.75,
    "conceptual_physics": 0.6638297872340425,
    "econometrics": 0.4649122807017544,
    "electrical_engineering": 0.5793103448275863,
    "elementary_mathematics": 0.4523809523809524,
    "formal_logic": 0.4365079365079365,
    "global_facts": 0.42,
    "high_school_biology": 0.7967741935483871,
    "high_school_chemistry": 0.5812807881773399,
    "high_school_computer_science": 0.75,
    "high_school_european_history": 0.7515151515151515,
    "high_school_geography": 0.7929292929292929,
    "high_school_government_and_politics": 0.8601036269430051,
    "high_school_macroeconomics": 0.6333333333333333,
    "high_school_mathematics": 0.362962962962963,
    "high_school_microeconomics": 0.7016806722689075,
    "high_school_physics": 0.44370860927152317,
    "high_school_psychology": 0.8642201834862385,
    "high_school_statistics": 0.4537037037037037,
    "high_school_us_history": 0.8333333333333334,
    "high_school_world_history": 0.8649789029535865,
    "human_aging": 0.6681614349775785,
    "human_sexuality": 0.7633587786259542,
    "international_law": 0.743801652892562,
    "jurisprudence": 0.7222222222222222,
    "logical_fallacies": 0.754601226993865,
    "machine_learning": 0.5714285714285714,
    "management": 0.8446601941747572,
    "marketing": 0.8632478632478633,
    "medical_genetics": 0.78,
    "miscellaneous": 0.8250319284802043,
    "moral_disputes": 0.6416184971098265,
    "moral_scenarios": 0.5094972067039106,
    "nutrition": 0.7777777777777778,
    "philosophy": 0.6688102893890675,
    "prehistory": 0.7067901234567902,
    "professional_accounting": 0.4787234042553192,
    "professional_law": 0.4791395045632334,
    "professional_medicine": 0.8161764705882353,
    "professional_psychology": 0.7140522875816994,
    "public_relations": 0.6363636363636364,
    "security_studies": 0.6938775510204082,
    "sociology": 0.8208955223880597,
    "us_foreign_policy": 0.86,
    "virology": 0.5301204819277109,
    "world_religions": 0.8362573099415205
  },
  "platform": "Linux-4.18.0-553.89.1.el8_10.x86_64-x86_64-with-glibc2.28",
  "pruning_method": "global_magnitude_structured",
  "pruning_structure": "mlp_channel",
  "python": "3.12.11",
  "seed": 42,
  "sparsity_achieved": 0.0,
  "sparsity_requested": 0,
  "split": "test",
  "timestamp": "2026-04-18T10:19:36.643491+00:00",
  "torch": "2.9.1+cu128",
  "transformers": "5.1.0"
}
