{
  "accuracy": 0.2335849594074918,
  "cuda_available": true,
  "cuda_device_count": 1,
  "dataset": "cais/mmlu",
  "datasets": "4.5.0",
  "emissions_kg_co2": 0.06454127022071009,
  "git_commit": "ef942e1edecc0078e334bf4645d75647363a38ac",
  "group_sparsity_achieved": 29.999869210379465,
  "group_sparsity_requested": 30,
  "metric": "accuracy",
  "model_hf_id": "meta-llama/Llama-3.1-8B-Instruct",
  "model_name": "llama31_8b_instruct",
  "num_correct": 3280,
  "num_groups_pruned": 137625,
  "num_groups_total": 458752,
  "num_nonzero_target_params": 5288185856,
  "num_samples": 14042,
  "num_total_target_params": 6979321856,
  "per_subject_accuracy": {
    "abstract_algebra": 0.24,
    "anatomy": 0.23703703703703705,
    "astronomy": 0.17105263157894737,
    "business_ethics": 0.26,
    "clinical_knowledge": 0.23773584905660378,
    "college_biology": 0.25,
    "college_chemistry": 0.16,
    "college_computer_science": 0.27,
    "college_mathematics": 0.22,
    "college_medicine": 0.19653179190751446,
    "college_physics": 0.2549019607843137,
    "computer_security": 0.26,
    "conceptual_physics": 0.2680851063829787,
    "econometrics": 0.2543859649122807,
    "electrical_engineering": 0.21379310344827587,
    "elementary_mathematics": 0.20105820105820105,
    "formal_logic": 0.2698412698412698,
    "global_facts": 0.19,
    "high_school_biology": 0.18387096774193548,
    "high_school_chemistry": 0.21182266009852216,
    "high_school_computer_science": 0.25,
    "high_school_european_history": 0.23030303030303031,
    "high_school_geography": 0.21212121212121213,
    "high_school_government_and_politics": 0.21761658031088082,
    "high_school_macroeconomics": 0.2358974358974359,
    "high_school_mathematics": 0.23703703703703705,
    "high_school_microeconomics": 0.21428571428571427,
    "high_school_physics": 0.2251655629139073,
    "high_school_psychology": 0.23853211009174313,
    "high_school_statistics": 0.1712962962962963,
    "high_school_us_history": 0.25,
    "high_school_world_history": 0.26582278481012656,
    "human_aging": 0.23766816143497757,
    "human_sexuality": 0.2824427480916031,
    "international_law": 0.21487603305785125,
    "jurisprudence": 0.2777777777777778,
    "logical_fallacies": 0.22085889570552147,
    "machine_learning": 0.23214285714285715,
    "management": 0.1941747572815534,
    "marketing": 0.2692307692307692,
    "medical_genetics": 0.33,
    "miscellaneous": 0.23754789272030652,
    "moral_disputes": 0.24566473988439305,
    "moral_scenarios": 0.24022346368715083,
    "nutrition": 0.20915032679738563,
    "philosophy": 0.1864951768488746,
    "prehistory": 0.23148148148148148,
    "professional_accounting": 0.23049645390070922,
    "professional_law": 0.24641460234680573,
    "professional_medicine": 0.19117647058823528,
    "professional_psychology": 0.25326797385620914,
    "public_relations": 0.2545454545454545,
    "security_studies": 0.19591836734693877,
    "sociology": 0.22885572139303484,
    "us_foreign_policy": 0.3,
    "virology": 0.25903614457831325,
    "world_religions": 0.28654970760233917
  },
  "platform": "Linux-4.18.0-553.89.1.el8_10.x86_64-x86_64-with-glibc2.28",
  "pruning_method": "global_magnitude_structured",
  "pruning_structure": "mlp_channel",
  "python": "3.12.11",
  "seed": 42,
  "sparsity_achieved": 24.230663592998802,
  "sparsity_requested": 30,
  "split": "test",
  "timestamp": "2026-04-18T10:19:36.643491+00:00",
  "torch": "2.9.1+cu128",
  "transformers": "5.1.0"
}
