{
  "accuracy": 0.2553767269619712,
  "cuda_available": true,
  "cuda_device_count": 1,
  "dataset": "cais/mmlu",
  "datasets": "4.5.0",
  "emissions_kg_co2": 0.100661229276076,
  "git_commit": "ef942e1edecc0078e334bf4645d75647363a38ac",
  "metric": "accuracy",
  "model_hf_id": "Qwen/Qwen3-8B",
  "model_name": "qwen3_8b",
  "nm_block_dim": 1,
  "nm_m": 8,
  "nm_n": 4,
  "nm_pattern": "4:8",
  "nm_sparsity_achieved": 50.0,
  "nm_sparsity_requested": 50.0,
  "num_correct": 3586,
  "num_nm_blocks_total": 868220928,
  "num_nm_complete_blocks": 868220928,
  "num_nm_remainder_weights": 0,
  "num_nonzero_target_params": 3472883712,
  "num_samples": 14042,
  "num_total_target_params": 6945767424,
  "parameter_sparsity_achieved": 50.0,
  "per_subject_accuracy": {
    "abstract_algebra": 0.2,
    "anatomy": 0.21481481481481482,
    "astronomy": 0.21052631578947367,
    "business_ethics": 0.21,
    "clinical_knowledge": 0.27547169811320754,
    "college_biology": 0.2847222222222222,
    "college_chemistry": 0.25,
    "college_computer_science": 0.25,
    "college_mathematics": 0.24,
    "college_medicine": 0.23699421965317918,
    "college_physics": 0.29411764705882354,
    "computer_security": 0.26,
    "conceptual_physics": 0.2851063829787234,
    "econometrics": 0.2894736842105263,
    "electrical_engineering": 0.2620689655172414,
    "elementary_mathematics": 0.24867724867724866,
    "formal_logic": 0.2857142857142857,
    "global_facts": 0.24,
    "high_school_biology": 0.2903225806451613,
    "high_school_chemistry": 0.29064039408866993,
    "high_school_computer_science": 0.28,
    "high_school_european_history": 0.2,
    "high_school_geography": 0.2828282828282828,
    "high_school_government_and_politics": 0.3005181347150259,
    "high_school_macroeconomics": 0.3128205128205128,
    "high_school_mathematics": 0.25925925925925924,
    "high_school_microeconomics": 0.29831932773109243,
    "high_school_physics": 0.2251655629139073,
    "high_school_psychology": 0.27889908256880735,
    "high_school_statistics": 0.28703703703703703,
    "high_school_us_history": 0.27941176470588236,
    "high_school_world_history": 0.23628691983122363,
    "human_aging": 0.2600896860986547,
    "human_sexuality": 0.24427480916030533,
    "international_law": 0.2066115702479339,
    "jurisprudence": 0.26851851851851855,
    "logical_fallacies": 0.1901840490797546,
    "machine_learning": 0.25,
    "management": 0.2815533980582524,
    "marketing": 0.2606837606837607,
    "medical_genetics": 0.18,
    "miscellaneous": 0.2388250319284802,
    "moral_disputes": 0.2138728323699422,
    "moral_scenarios": 0.26927374301675977,
    "nutrition": 0.23529411764705882,
    "philosophy": 0.2604501607717042,
    "prehistory": 0.26851851851851855,
    "professional_accounting": 0.25886524822695034,
    "professional_law": 0.22685788787483702,
    "professional_medicine": 0.23161764705882354,
    "professional_psychology": 0.24509803921568626,
    "public_relations": 0.2909090909090909,
    "security_studies": 0.31020408163265306,
    "sociology": 0.29850746268656714,
    "us_foreign_policy": 0.27,
    "virology": 0.3072289156626506,
    "world_religions": 0.15204678362573099
  },
  "platform": "Linux-4.18.0-553.89.1.el8_10.x86_64-x86_64-with-glibc2.28",
  "pruning_method": "global_magnitude_semi_structured",
  "pruning_structure": "nm_4_8",
  "python": "3.12.11",
  "seed": 42,
  "sparsity_achieved": 50.0,
  "sparsity_requested": 50,
  "split": "test",
  "timestamp": "2026-04-18T14:29:45.817326+00:00",
  "torch": "2.9.1+cu128",
  "transformers": "5.1.0"
}
