{
  "accuracy": 0.24654607605754167,
  "cuda_available": true,
  "cuda_device_count": 1,
  "dataset": "cais/mmlu",
  "datasets": "4.5.0",
  "emissions_kg_co2": 0.07799428134045518,
  "git_commit": "ef942e1edecc0078e334bf4645d75647363a38ac",
  "group_sparsity_achieved": 69.99986436631944,
  "group_sparsity_requested": 70,
  "metric": "accuracy",
  "model_hf_id": "Qwen/Qwen3-8B",
  "model_name": "qwen3_8b",
  "num_correct": 3462,
  "num_groups_pruned": 309657,
  "num_groups_total": 442368,
  "num_nonzero_target_params": 3140702208,
  "num_samples": 14042,
  "num_total_target_params": 6945767424,
  "per_subject_accuracy": {
    "abstract_algebra": 0.29,
    "anatomy": 0.2814814814814815,
    "astronomy": 0.2565789473684211,
    "business_ethics": 0.23,
    "clinical_knowledge": 0.2641509433962264,
    "college_biology": 0.24305555555555555,
    "college_chemistry": 0.3,
    "college_computer_science": 0.26,
    "college_mathematics": 0.21,
    "college_medicine": 0.23121387283236994,
    "college_physics": 0.2549019607843137,
    "computer_security": 0.25,
    "conceptual_physics": 0.23829787234042554,
    "econometrics": 0.2543859649122807,
    "electrical_engineering": 0.23448275862068965,
    "elementary_mathematics": 0.24074074074074073,
    "formal_logic": 0.20634920634920634,
    "global_facts": 0.28,
    "high_school_biology": 0.2129032258064516,
    "high_school_chemistry": 0.270935960591133,
    "high_school_computer_science": 0.31,
    "high_school_european_history": 0.21818181818181817,
    "high_school_geography": 0.24242424242424243,
    "high_school_government_and_politics": 0.24352331606217617,
    "high_school_macroeconomics": 0.19743589743589743,
    "high_school_mathematics": 0.27037037037037037,
    "high_school_microeconomics": 0.28991596638655465,
    "high_school_physics": 0.17218543046357615,
    "high_school_psychology": 0.23119266055045873,
    "high_school_statistics": 0.19444444444444445,
    "high_school_us_history": 0.2647058823529412,
    "high_school_world_history": 0.2616033755274262,
    "human_aging": 0.3094170403587444,
    "human_sexuality": 0.2366412213740458,
    "international_law": 0.2644628099173554,
    "jurisprudence": 0.26851851851851855,
    "logical_fallacies": 0.18404907975460122,
    "machine_learning": 0.2767857142857143,
    "management": 0.30097087378640774,
    "marketing": 0.29914529914529914,
    "medical_genetics": 0.16,
    "miscellaneous": 0.26053639846743293,
    "moral_disputes": 0.2138728323699422,
    "moral_scenarios": 0.22905027932960895,
    "nutrition": 0.28104575163398693,
    "philosophy": 0.22508038585209003,
    "prehistory": 0.2222222222222222,
    "professional_accounting": 0.2695035460992908,
    "professional_law": 0.23272490221642764,
    "professional_medicine": 0.24632352941176472,
    "professional_psychology": 0.2630718954248366,
    "public_relations": 0.2636363636363636,
    "security_studies": 0.24081632653061225,
    "sociology": 0.2935323383084577,
    "us_foreign_policy": 0.24,
    "virology": 0.3433734939759036,
    "world_religions": 0.2631578947368421
  },
  "platform": "Linux-4.18.0-553.89.1.el8_10.x86_64-x86_64-with-glibc2.28",
  "pruning_method": "global_magnitude_structured",
  "pruning_structure": "mlp_channel",
  "python": "3.12.11",
  "seed": 42,
  "sparsity_achieved": 54.782502547554344,
  "sparsity_requested": 70,
  "split": "test",
  "timestamp": "2026-04-18T10:19:36.643491+00:00",
  "torch": "2.9.1+cu128",
  "transformers": "5.1.0"
}
