{
  "accuracy": 0.26798176897877796,
  "cuda_available": true,
  "cuda_device_count": 1,
  "dataset": "cais/mmlu",
  "datasets": "4.5.0",
  "emissions_kg_co2": 0.08879030214307619,
  "git_commit": "0615d9fbbefa8cbd64310c83c4ef76934b8d0841",
  "metric": "accuracy",
  "model_hf_id": "meta-llama/Llama-3.1-8B-Instruct",
  "model_name": "llama31_8b_instruct",
  "num_correct": 3763,
  "num_nonzero_target_params": 69793219,
  "num_samples": 14042,
  "num_total_target_params": 6979321856,
  "per_subject_accuracy": {
    "abstract_algebra": 0.21,
    "anatomy": 0.22962962962962963,
    "astronomy": 0.3355263157894737,
    "business_ethics": 0.21,
    "clinical_knowledge": 0.2981132075471698,
    "college_biology": 0.2638888888888889,
    "college_chemistry": 0.37,
    "college_computer_science": 0.33,
    "college_mathematics": 0.3,
    "college_medicine": 0.3352601156069364,
    "college_physics": 0.3627450980392157,
    "computer_security": 0.18,
    "conceptual_physics": 0.2127659574468085,
    "econometrics": 0.22807017543859648,
    "electrical_engineering": 0.2413793103448276,
    "elementary_mathematics": 0.2671957671957672,
    "formal_logic": 0.36507936507936506,
    "global_facts": 0.18,
    "high_school_biology": 0.31290322580645163,
    "high_school_chemistry": 0.270935960591133,
    "high_school_computer_science": 0.2,
    "high_school_european_history": 0.2545454545454545,
    "high_school_geography": 0.35353535353535354,
    "high_school_government_and_politics": 0.36787564766839376,
    "high_school_macroeconomics": 0.36153846153846153,
    "high_school_mathematics": 0.25555555555555554,
    "high_school_microeconomics": 0.35294117647058826,
    "high_school_physics": 0.32450331125827814,
    "high_school_psychology": 0.3486238532110092,
    "high_school_statistics": 0.46296296296296297,
    "high_school_us_history": 0.2549019607843137,
    "high_school_world_history": 0.20253164556962025,
    "human_aging": 0.10762331838565023,
    "human_sexuality": 0.2824427480916031,
    "international_law": 0.14049586776859505,
    "jurisprudence": 0.21296296296296297,
    "logical_fallacies": 0.2331288343558282,
    "machine_learning": 0.16071428571428573,
    "management": 0.3786407766990291,
    "marketing": 0.19658119658119658,
    "medical_genetics": 0.24,
    "miscellaneous": 0.20434227330779056,
    "moral_disputes": 0.2138728323699422,
    "moral_scenarios": 0.27262569832402234,
    "nutrition": 0.29411764705882354,
    "philosophy": 0.24115755627009647,
    "prehistory": 0.22530864197530864,
    "professional_accounting": 0.24113475177304963,
    "professional_law": 0.24445893089960888,
    "professional_medicine": 0.4485294117647059,
    "professional_psychology": 0.2173202614379085,
    "public_relations": 0.22727272727272727,
    "security_studies": 0.4,
    "sociology": 0.26865671641791045,
    "us_foreign_policy": 0.26,
    "virology": 0.1927710843373494,
    "world_religions": 0.17543859649122806
  },
  "platform": "Linux-4.18.0-553.89.1.el8_10.x86_64-x86_64-with-glibc2.28",
  "python": "3.12.11",
  "seed": 42,
  "sparsity_achieved": 98.99999999369567,
  "sparsity_requested": 99,
  "split": "test",
  "timestamp": "2026-04-17T08:48:51.083151+00:00",
  "torch": "2.9.1+cu128",
  "transformers": "5.1.0"
}
