{
  "accuracy": 0.23465318330722118,
  "cuda_available": true,
  "cuda_device_count": 1,
  "dataset": "cais/mmlu",
  "datasets": "4.5.0",
  "emissions_kg_co2": 0.06262130834056072,
  "git_commit": "ef942e1edecc0078e334bf4645d75647363a38ac",
  "group_sparsity_achieved": 59.99995640345982,
  "group_sparsity_requested": 60,
  "metric": "accuracy",
  "model_hf_id": "meta-llama/Llama-3.1-8B-Instruct",
  "model_name": "llama31_8b_instruct",
  "num_correct": 3295,
  "num_groups_pruned": 275251,
  "num_groups_total": 458752,
  "num_nonzero_target_params": 3597037568,
  "num_samples": 14042,
  "num_total_target_params": 6979321856,
  "per_subject_accuracy": {
    "abstract_algebra": 0.22,
    "anatomy": 0.2,
    "astronomy": 0.20394736842105263,
    "business_ethics": 0.33,
    "clinical_knowledge": 0.23018867924528302,
    "college_biology": 0.2361111111111111,
    "college_chemistry": 0.21,
    "college_computer_science": 0.22,
    "college_mathematics": 0.2,
    "college_medicine": 0.2543352601156069,
    "college_physics": 0.2549019607843137,
    "computer_security": 0.29,
    "conceptual_physics": 0.2680851063829787,
    "econometrics": 0.23684210526315788,
    "electrical_engineering": 0.25517241379310346,
    "elementary_mathematics": 0.21957671957671956,
    "formal_logic": 0.2698412698412698,
    "global_facts": 0.18,
    "high_school_biology": 0.17419354838709677,
    "high_school_chemistry": 0.1724137931034483,
    "high_school_computer_science": 0.26,
    "high_school_european_history": 0.2545454545454545,
    "high_school_geography": 0.17676767676767677,
    "high_school_government_and_politics": 0.20725388601036268,
    "high_school_macroeconomics": 0.20512820512820512,
    "high_school_mathematics": 0.1962962962962963,
    "high_school_microeconomics": 0.226890756302521,
    "high_school_physics": 0.19205298013245034,
    "high_school_psychology": 0.20917431192660552,
    "high_school_statistics": 0.23148148148148148,
    "high_school_us_history": 0.24019607843137256,
    "high_school_world_history": 0.2911392405063291,
    "human_aging": 0.3004484304932735,
    "human_sexuality": 0.26717557251908397,
    "international_law": 0.256198347107438,
    "jurisprudence": 0.26851851851851855,
    "logical_fallacies": 0.2331288343558282,
    "machine_learning": 0.3125,
    "management": 0.17475728155339806,
    "marketing": 0.2777777777777778,
    "medical_genetics": 0.28,
    "miscellaneous": 0.23754789272030652,
    "moral_disputes": 0.23699421965317918,
    "moral_scenarios": 0.23910614525139665,
    "nutrition": 0.22549019607843138,
    "philosophy": 0.21864951768488747,
    "prehistory": 0.22839506172839505,
    "professional_accounting": 0.2553191489361702,
    "professional_law": 0.23728813559322035,
    "professional_medicine": 0.20588235294117646,
    "professional_psychology": 0.24836601307189543,
    "public_relations": 0.20909090909090908,
    "security_studies": 0.2163265306122449,
    "sociology": 0.2537313432835821,
    "us_foreign_policy": 0.28,
    "virology": 0.2710843373493976,
    "world_religions": 0.29239766081871343
  },
  "platform": "Linux-4.18.0-553.89.1.el8_10.x86_64-x86_64-with-glibc2.28",
  "pruning_method": "global_magnitude_structured",
  "pruning_structure": "mlp_channel",
  "python": "3.12.11",
  "seed": 42,
  "sparsity_achieved": 48.46150324894831,
  "sparsity_requested": 60,
  "split": "test",
  "timestamp": "2026-04-18T10:19:36.643491+00:00",
  "torch": "2.9.1+cu128",
  "transformers": "5.1.0"
}
