{
  "accuracy": 0.24540663723116365,
  "cuda_available": true,
  "cuda_device_count": 1,
  "dataset": "cais/mmlu",
  "datasets": "4.5.0",
  "emissions_kg_co2": 0.09452878272879249,
  "git_commit": "0615d9fbbefa8cbd64310c83c4ef76934b8d0841",
  "metric": "accuracy",
  "model_hf_id": "Qwen/Qwen3-8B",
  "model_name": "qwen3_8b",
  "num_correct": 3446,
  "num_nonzero_target_params": 694576743,
  "num_samples": 14042,
  "num_total_target_params": 6945767424,
  "per_subject_accuracy": {
    "abstract_algebra": 0.3,
    "anatomy": 0.21481481481481482,
    "astronomy": 0.23684210526315788,
    "business_ethics": 0.3,
    "clinical_knowledge": 0.2188679245283019,
    "college_biology": 0.2777777777777778,
    "college_chemistry": 0.2,
    "college_computer_science": 0.27,
    "college_mathematics": 0.28,
    "college_medicine": 0.2254335260115607,
    "college_physics": 0.18627450980392157,
    "computer_security": 0.32,
    "conceptual_physics": 0.2425531914893617,
    "econometrics": 0.3157894736842105,
    "electrical_engineering": 0.296551724137931,
    "elementary_mathematics": 0.24867724867724866,
    "formal_logic": 0.2698412698412698,
    "global_facts": 0.32,
    "high_school_biology": 0.22903225806451613,
    "high_school_chemistry": 0.27586206896551724,
    "high_school_computer_science": 0.29,
    "high_school_european_history": 0.23030303030303031,
    "high_school_geography": 0.1919191919191919,
    "high_school_government_and_politics": 0.18134715025906736,
    "high_school_macroeconomics": 0.22564102564102564,
    "high_school_mathematics": 0.2222222222222222,
    "high_school_microeconomics": 0.23949579831932774,
    "high_school_physics": 0.24503311258278146,
    "high_school_psychology": 0.21467889908256882,
    "high_school_statistics": 0.17592592592592593,
    "high_school_us_history": 0.27941176470588236,
    "high_school_world_history": 0.28270042194092826,
    "human_aging": 0.2600896860986547,
    "human_sexuality": 0.20610687022900764,
    "international_law": 0.2975206611570248,
    "jurisprudence": 0.2777777777777778,
    "logical_fallacies": 0.2392638036809816,
    "machine_learning": 0.21428571428571427,
    "management": 0.21359223300970873,
    "marketing": 0.25213675213675213,
    "medical_genetics": 0.27,
    "miscellaneous": 0.27330779054916987,
    "moral_disputes": 0.24855491329479767,
    "moral_scenarios": 0.23016759776536314,
    "nutrition": 0.26143790849673204,
    "philosophy": 0.27009646302250806,
    "prehistory": 0.23765432098765432,
    "professional_accounting": 0.24468085106382978,
    "professional_law": 0.25554106910039115,
    "professional_medicine": 0.18382352941176472,
    "professional_psychology": 0.2434640522875817,
    "public_relations": 0.24545454545454545,
    "security_studies": 0.21224489795918366,
    "sociology": 0.263681592039801,
    "us_foreign_policy": 0.24,
    "virology": 0.2289156626506024,
    "world_religions": 0.2982456140350877
  },
  "platform": "Linux-4.18.0-553.89.1.el8_10.x86_64-x86_64-with-glibc2.28",
  "python": "3.12.11",
  "seed": 42,
  "sparsity_achieved": 89.99999999136165,
  "sparsity_requested": 90,
  "split": "test",
  "timestamp": "2026-04-17T08:48:51.083151+00:00",
  "torch": "2.9.1+cu128",
  "transformers": "5.1.0"
}
