{
  "accuracy": 0.243626264064948,
  "cuda_available": true,
  "cuda_device_count": 1,
  "dataset": "cais/mmlu",
  "datasets": "4.5.0",
  "emissions_kg_co2": 0.07910639603941681,
  "git_commit": "ef942e1edecc0078e334bf4645d75647363a38ac",
  "group_sparsity_achieved": 50.0,
  "group_sparsity_requested": 50,
  "metric": "accuracy",
  "model_hf_id": "Qwen/Qwen3-8B",
  "model_name": "qwen3_8b",
  "num_correct": 3421,
  "num_groups_pruned": 221184,
  "num_groups_total": 442368,
  "num_nonzero_target_params": 4227858432,
  "num_samples": 14042,
  "num_total_target_params": 6945767424,
  "per_subject_accuracy": {
    "abstract_algebra": 0.21,
    "anatomy": 0.21481481481481482,
    "astronomy": 0.20394736842105263,
    "business_ethics": 0.26,
    "clinical_knowledge": 0.2037735849056604,
    "college_biology": 0.2222222222222222,
    "college_chemistry": 0.24,
    "college_computer_science": 0.23,
    "college_mathematics": 0.22,
    "college_medicine": 0.19653179190751446,
    "college_physics": 0.27450980392156865,
    "computer_security": 0.32,
    "conceptual_physics": 0.2851063829787234,
    "econometrics": 0.2719298245614035,
    "electrical_engineering": 0.2413793103448276,
    "elementary_mathematics": 0.23015873015873015,
    "formal_logic": 0.1984126984126984,
    "global_facts": 0.24,
    "high_school_biology": 0.2129032258064516,
    "high_school_chemistry": 0.24630541871921183,
    "high_school_computer_science": 0.28,
    "high_school_european_history": 0.21818181818181817,
    "high_school_geography": 0.20202020202020202,
    "high_school_government_and_politics": 0.23834196891191708,
    "high_school_macroeconomics": 0.23333333333333334,
    "high_school_mathematics": 0.22962962962962963,
    "high_school_microeconomics": 0.25210084033613445,
    "high_school_physics": 0.2119205298013245,
    "high_school_psychology": 0.24220183486238533,
    "high_school_statistics": 0.20833333333333334,
    "high_school_us_history": 0.27450980392156865,
    "high_school_world_history": 0.29957805907172996,
    "human_aging": 0.30493273542600896,
    "human_sexuality": 0.25190839694656486,
    "international_law": 0.2809917355371901,
    "jurisprudence": 0.23148148148148148,
    "logical_fallacies": 0.15950920245398773,
    "machine_learning": 0.25,
    "management": 0.21359223300970873,
    "marketing": 0.2948717948717949,
    "medical_genetics": 0.24,
    "miscellaneous": 0.2515964240102171,
    "moral_disputes": 0.27167630057803466,
    "moral_scenarios": 0.25027932960893856,
    "nutrition": 0.20915032679738563,
    "philosophy": 0.2315112540192926,
    "prehistory": 0.25308641975308643,
    "professional_accounting": 0.20921985815602837,
    "professional_law": 0.25097783572359844,
    "professional_medicine": 0.1948529411764706,
    "professional_psychology": 0.25,
    "public_relations": 0.2545454545454545,
    "security_studies": 0.2612244897959184,
    "sociology": 0.22388059701492538,
    "us_foreign_policy": 0.32,
    "virology": 0.28313253012048195,
    "world_religions": 0.30994152046783624
  },
  "platform": "Linux-4.18.0-553.89.1.el8_10.x86_64-x86_64-with-glibc2.28",
  "pruning_method": "global_magnitude_structured",
  "pruning_structure": "mlp_channel",
  "python": "3.12.11",
  "seed": 42,
  "sparsity_achieved": 39.13043478260869,
  "sparsity_requested": 50,
  "split": "test",
  "timestamp": "2026-04-18T10:19:36.643491+00:00",
  "torch": "2.9.1+cu128",
  "transformers": "5.1.0"
}
