{
  "accuracy": 0.23871243412619286,
  "cuda_available": true,
  "cuda_device_count": 1,
  "dataset": "cais/mmlu",
  "datasets": "4.5.0",
  "emissions_kg_co2": 0.09790360562914416,
  "git_commit": "0615d9fbbefa8cbd64310c83c4ef76934b8d0841",
  "metric": "accuracy",
  "model_hf_id": "meta-llama/Llama-3.1-8B-Instruct",
  "model_name": "llama31_8b_instruct",
  "num_correct": 3352,
  "num_nonzero_target_params": 697932186,
  "num_samples": 14042,
  "num_total_target_params": 6979321856,
  "per_subject_accuracy": {
    "abstract_algebra": 0.2,
    "anatomy": 0.1925925925925926,
    "astronomy": 0.18421052631578946,
    "business_ethics": 0.31,
    "clinical_knowledge": 0.20754716981132076,
    "college_biology": 0.25,
    "college_chemistry": 0.25,
    "college_computer_science": 0.25,
    "college_mathematics": 0.23,
    "college_medicine": 0.2254335260115607,
    "college_physics": 0.2549019607843137,
    "computer_security": 0.28,
    "conceptual_physics": 0.25957446808510637,
    "econometrics": 0.23684210526315788,
    "electrical_engineering": 0.2413793103448276,
    "elementary_mathematics": 0.20634920634920634,
    "formal_logic": 0.29365079365079366,
    "global_facts": 0.19,
    "high_school_biology": 0.19032258064516128,
    "high_school_chemistry": 0.16748768472906403,
    "high_school_computer_science": 0.27,
    "high_school_european_history": 0.2727272727272727,
    "high_school_geography": 0.18686868686868688,
    "high_school_government_and_politics": 0.23834196891191708,
    "high_school_macroeconomics": 0.21794871794871795,
    "high_school_mathematics": 0.2,
    "high_school_microeconomics": 0.20168067226890757,
    "high_school_physics": 0.1986754966887417,
    "high_school_psychology": 0.22201834862385322,
    "high_school_statistics": 0.22685185185185186,
    "high_school_us_history": 0.2647058823529412,
    "high_school_world_history": 0.270042194092827,
    "human_aging": 0.3183856502242152,
    "human_sexuality": 0.2366412213740458,
    "international_law": 0.21487603305785125,
    "jurisprudence": 0.23148148148148148,
    "logical_fallacies": 0.25766871165644173,
    "machine_learning": 0.29464285714285715,
    "management": 0.17475728155339806,
    "marketing": 0.23931623931623933,
    "medical_genetics": 0.3,
    "miscellaneous": 0.2413793103448276,
    "moral_disputes": 0.2658959537572254,
    "moral_scenarios": 0.23798882681564246,
    "nutrition": 0.238562091503268,
    "philosophy": 0.21221864951768488,
    "prehistory": 0.22839506172839505,
    "professional_accounting": 0.2765957446808511,
    "professional_law": 0.24445893089960888,
    "professional_medicine": 0.29411764705882354,
    "professional_psychology": 0.24019607843137256,
    "public_relations": 0.24545454545454545,
    "security_studies": 0.24081632653061225,
    "sociology": 0.23880597014925373,
    "us_foreign_policy": 0.25,
    "virology": 0.2891566265060241,
    "world_religions": 0.3157894736842105
  },
  "platform": "Linux-4.18.0-553.89.1.el8_10.x86_64-x86_64-with-glibc2.28",
  "python": "3.12.11",
  "seed": 42,
  "sparsity_achieved": 89.99999999426879,
  "sparsity_requested": 90,
  "split": "test",
  "timestamp": "2026-04-17T08:48:51.083151+00:00",
  "torch": "2.9.1+cu128",
  "transformers": "5.1.0"
}
