{
  "accuracy": 0.342330152399943,
  "cuda_available": true,
  "cuda_device_count": 1,
  "dataset": "cais/mmlu",
  "datasets": "4.5.0",
  "emissions_kg_co2": 0.09800430937218785,
  "git_commit": "0615d9fbbefa8cbd64310c83c4ef76934b8d0841",
  "metric": "accuracy",
  "model_hf_id": "meta-llama/Llama-3.1-8B-Instruct",
  "model_name": "llama31_8b_instruct",
  "num_correct": 4807,
  "num_nonzero_target_params": 3489660928,
  "num_samples": 14042,
  "num_total_target_params": 6979321856,
  "per_subject_accuracy": {
    "abstract_algebra": 0.28,
    "anatomy": 0.43703703703703706,
    "astronomy": 0.35526315789473684,
    "business_ethics": 0.39,
    "clinical_knowledge": 0.3320754716981132,
    "college_biology": 0.2986111111111111,
    "college_chemistry": 0.24,
    "college_computer_science": 0.26,
    "college_mathematics": 0.26,
    "college_medicine": 0.3236994219653179,
    "college_physics": 0.2549019607843137,
    "computer_security": 0.43,
    "conceptual_physics": 0.31063829787234043,
    "econometrics": 0.24561403508771928,
    "electrical_engineering": 0.3793103448275862,
    "elementary_mathematics": 0.291005291005291,
    "formal_logic": 0.23015873015873015,
    "global_facts": 0.37,
    "high_school_biology": 0.3967741935483871,
    "high_school_chemistry": 0.29064039408866993,
    "high_school_computer_science": 0.39,
    "high_school_european_history": 0.30303030303030304,
    "high_school_geography": 0.3686868686868687,
    "high_school_government_and_politics": 0.3626943005181347,
    "high_school_macroeconomics": 0.2948717948717949,
    "high_school_mathematics": 0.2814814814814815,
    "high_school_microeconomics": 0.3025210084033613,
    "high_school_physics": 0.3443708609271523,
    "high_school_psychology": 0.41834862385321103,
    "high_school_statistics": 0.2222222222222222,
    "high_school_us_history": 0.35294117647058826,
    "high_school_world_history": 0.35864978902953587,
    "human_aging": 0.33183856502242154,
    "human_sexuality": 0.37404580152671757,
    "international_law": 0.48760330578512395,
    "jurisprudence": 0.39814814814814814,
    "logical_fallacies": 0.3558282208588957,
    "machine_learning": 0.2767857142857143,
    "management": 0.39805825242718446,
    "marketing": 0.5555555555555556,
    "medical_genetics": 0.34,
    "miscellaneous": 0.4776500638569604,
    "moral_disputes": 0.36127167630057805,
    "moral_scenarios": 0.23910614525139665,
    "nutrition": 0.38235294117647056,
    "philosophy": 0.38263665594855306,
    "prehistory": 0.44135802469135804,
    "professional_accounting": 0.29432624113475175,
    "professional_law": 0.25488917861799215,
    "professional_medicine": 0.2977941176470588,
    "professional_psychology": 0.36764705882352944,
    "public_relations": 0.4,
    "security_studies": 0.33877551020408164,
    "sociology": 0.5323383084577115,
    "us_foreign_policy": 0.48,
    "virology": 0.35542168674698793,
    "world_religions": 0.40350877192982454
  },
  "platform": "Linux-4.18.0-553.89.1.el8_10.x86_64-x86_64-with-glibc2.28",
  "python": "3.12.11",
  "seed": 42,
  "sparsity_achieved": 50.0,
  "sparsity_requested": 50,
  "split": "test",
  "timestamp": "2026-04-17T08:48:51.083151+00:00",
  "torch": "2.9.1+cu128",
  "transformers": "5.1.0"
}
