{
  "cloud_provider": "",
  "codecarbon_version": "3.2.2",
  "country_name": "Canada",
  "cpu_power_w": 37.219481248831954,
  "duration_s": 1038.812580418773,
  "emissions_kg_co2": 0.07463837134674528,
  "energy_consumed_kwh": 0.11891248679167016,
  "gpu_power_w": 338.86554655030636,
  "ram_power_w": 38.0
}
