{
  "accuracy": 0.5961401509756445,
  "cuda_available": true,
  "cuda_device_count": 1,
  "dataset": "cais/mmlu",
  "datasets": "4.5.0",
  "emissions_kg_co2": 0.10078871709276646,
  "git_commit": "0615d9fbbefa8cbd64310c83c4ef76934b8d0841",
  "metric": "accuracy",
  "model_hf_id": "meta-llama/Llama-3.1-8B-Instruct",
  "model_name": "llama31_8b_instruct",
  "num_correct": 8371,
  "num_nonzero_target_params": 4885525300,
  "num_samples": 14042,
  "num_total_target_params": 6979321856,
  "per_subject_accuracy": {
    "abstract_algebra": 0.3,
    "anatomy": 0.5777777777777777,
    "astronomy": 0.6644736842105263,
    "business_ethics": 0.68,
    "clinical_knowledge": 0.690566037735849,
    "college_biology": 0.6875,
    "college_chemistry": 0.4,
    "college_computer_science": 0.48,
    "college_mathematics": 0.28,
    "college_medicine": 0.6127167630057804,
    "college_physics": 0.4019607843137255,
    "computer_security": 0.67,
    "conceptual_physics": 0.5234042553191489,
    "econometrics": 0.37719298245614036,
    "electrical_engineering": 0.5310344827586206,
    "elementary_mathematics": 0.41798941798941797,
    "formal_logic": 0.40476190476190477,
    "global_facts": 0.4,
    "high_school_biology": 0.7193548387096774,
    "high_school_chemistry": 0.5467980295566502,
    "high_school_computer_science": 0.64,
    "high_school_european_history": 0.7333333333333333,
    "high_school_geography": 0.7626262626262627,
    "high_school_government_and_politics": 0.7979274611398963,
    "high_school_macroeconomics": 0.5974358974358974,
    "high_school_mathematics": 0.3296296296296296,
    "high_school_microeconomics": 0.5672268907563025,
    "high_school_physics": 0.36423841059602646,
    "high_school_psychology": 0.8110091743119267,
    "high_school_statistics": 0.4722222222222222,
    "high_school_us_history": 0.7794117647058824,
    "high_school_world_history": 0.810126582278481,
    "human_aging": 0.6367713004484304,
    "human_sexuality": 0.7251908396946565,
    "international_law": 0.7768595041322314,
    "jurisprudence": 0.7037037037037037,
    "logical_fallacies": 0.6871165644171779,
    "machine_learning": 0.49107142857142855,
    "management": 0.7961165048543689,
    "marketing": 0.8162393162393162,
    "medical_genetics": 0.72,
    "miscellaneous": 0.8071519795657727,
    "moral_disputes": 0.5924855491329479,
    "moral_scenarios": 0.31620111731843575,
    "nutrition": 0.7091503267973857,
    "philosophy": 0.6205787781350482,
    "prehistory": 0.6944444444444444,
    "professional_accounting": 0.4432624113475177,
    "professional_law": 0.4471968709256845,
    "professional_medicine": 0.6875,
    "professional_psychology": 0.6339869281045751,
    "public_relations": 0.6818181818181818,
    "security_studies": 0.6938775510204082,
    "sociology": 0.7910447761194029,
    "us_foreign_policy": 0.81,
    "virology": 0.5,
    "world_religions": 0.7660818713450293
  },
  "platform": "Linux-4.18.0-553.89.1.el8_10.x86_64-x86_64-with-glibc2.28",
  "python": "3.12.11",
  "seed": 42,
  "sparsity_achieved": 29.999999988537574,
  "sparsity_requested": 30,
  "split": "test",
  "timestamp": "2026-04-17T08:48:51.083151+00:00",
  "torch": "2.9.1+cu128",
  "transformers": "5.1.0"
}
