{
  "cloud_provider": "",
  "codecarbon_version": "3.2.2",
  "country_name": "Canada",
  "cpu_power_w": 68.045613480625,
  "duration_s": 944.7976458473131,
  "emissions_kg_co2": 0.06188008790580496,
  "energy_consumed_kwh": 0.09858622318515115,
  "gpu_power_w": 265.6401109091167,
  "ram_power_w": 46.0
}
