{
  "accuracy": 0.23515168779376158,
  "cuda_available": true,
  "cuda_device_count": 1,
  "dataset": "cais/mmlu",
  "datasets": "4.5.0",
  "emissions_kg_co2": 0.06188008790580496,
  "git_commit": "ef942e1edecc0078e334bf4645d75647363a38ac",
  "group_sparsity_achieved": 69.99991280691964,
  "group_sparsity_requested": 70,
  "metric": "accuracy",
  "model_hf_id": "meta-llama/Llama-3.1-8B-Instruct",
  "model_name": "llama31_8b_instruct",
  "num_correct": 3302,
  "num_groups_pruned": 321126,
  "num_groups_total": 458752,
  "num_nonzero_target_params": 3033325568,
  "num_samples": 14042,
  "num_total_target_params": 6979321856,
  "per_subject_accuracy": {
    "abstract_algebra": 0.25,
    "anatomy": 0.18518518518518517,
    "astronomy": 0.18421052631578946,
    "business_ethics": 0.3,
    "clinical_knowledge": 0.22264150943396227,
    "college_biology": 0.2569444444444444,
    "college_chemistry": 0.25,
    "college_computer_science": 0.24,
    "college_mathematics": 0.19,
    "college_medicine": 0.18497109826589594,
    "college_physics": 0.29411764705882354,
    "computer_security": 0.29,
    "conceptual_physics": 0.24680851063829787,
    "econometrics": 0.20175438596491227,
    "electrical_engineering": 0.2482758620689655,
    "elementary_mathematics": 0.23544973544973544,
    "formal_logic": 0.23809523809523808,
    "global_facts": 0.19,
    "high_school_biology": 0.2,
    "high_school_chemistry": 0.15763546798029557,
    "high_school_computer_science": 0.28,
    "high_school_european_history": 0.24848484848484848,
    "high_school_geography": 0.1919191919191919,
    "high_school_government_and_politics": 0.18652849740932642,
    "high_school_macroeconomics": 0.19743589743589743,
    "high_school_mathematics": 0.2111111111111111,
    "high_school_microeconomics": 0.20588235294117646,
    "high_school_physics": 0.23178807947019867,
    "high_school_psychology": 0.21100917431192662,
    "high_school_statistics": 0.14814814814814814,
    "high_school_us_history": 0.23529411764705882,
    "high_school_world_history": 0.25738396624472576,
    "human_aging": 0.2825112107623318,
    "human_sexuality": 0.25190839694656486,
    "international_law": 0.23140495867768596,
    "jurisprudence": 0.21296296296296297,
    "logical_fallacies": 0.2147239263803681,
    "machine_learning": 0.375,
    "management": 0.23300970873786409,
    "marketing": 0.2905982905982906,
    "medical_genetics": 0.31,
    "miscellaneous": 0.2554278416347382,
    "moral_disputes": 0.2514450867052023,
    "moral_scenarios": 0.23798882681564246,
    "nutrition": 0.23529411764705882,
    "philosophy": 0.20257234726688103,
    "prehistory": 0.20987654320987653,
    "professional_accounting": 0.23049645390070922,
    "professional_law": 0.2711864406779661,
    "professional_medicine": 0.17647058823529413,
    "professional_psychology": 0.2565359477124183,
    "public_relations": 0.20909090909090908,
    "security_studies": 0.1673469387755102,
    "sociology": 0.25870646766169153,
    "us_foreign_policy": 0.25,
    "virology": 0.2891566265060241,
    "world_religions": 0.2807017543859649
  },
  "platform": "Linux-4.18.0-553.89.1.el8_10.x86_64-x86_64-with-glibc2.28",
  "pruning_method": "global_magnitude_structured",
  "pruning_structure": "mlp_channel",
  "python": "3.12.11",
  "seed": 42,
  "sparsity_achieved": 56.53839111328125,
  "sparsity_requested": 70,
  "split": "test",
  "timestamp": "2026-04-18T10:19:36.643491+00:00",
  "torch": "2.9.1+cu128",
  "transformers": "5.1.0"
}
