{
  "accuracy": 0.7161373023785785,
  "cuda_available": true,
  "cuda_device_count": 1,
  "dataset": "cais/mmlu",
  "datasets": "4.5.0",
  "emissions_kg_co2": 0.11048078747356757,
  "git_commit": "0615d9fbbefa8cbd64310c83c4ef76934b8d0841",
  "metric": "accuracy",
  "model_hf_id": "Qwen/Qwen3-8B",
  "model_name": "qwen3_8b",
  "num_correct": 10056,
  "num_nonzero_target_params": 6251190682,
  "num_samples": 14042,
  "num_total_target_params": 6945767424,
  "per_subject_accuracy": {
    "abstract_algebra": 0.55,
    "anatomy": 0.7037037037037037,
    "astronomy": 0.875,
    "business_ethics": 0.76,
    "clinical_knowledge": 0.7886792452830189,
    "college_biology": 0.8611111111111112,
    "college_chemistry": 0.52,
    "college_computer_science": 0.72,
    "college_mathematics": 0.55,
    "college_medicine": 0.7514450867052023,
    "college_physics": 0.5490196078431373,
    "computer_security": 0.87,
    "conceptual_physics": 0.825531914893617,
    "econometrics": 0.6228070175438597,
    "electrical_engineering": 0.7310344827586207,
    "elementary_mathematics": 0.6957671957671958,
    "formal_logic": 0.6349206349206349,
    "global_facts": 0.39,
    "high_school_biology": 0.8870967741935484,
    "high_school_chemistry": 0.7142857142857143,
    "high_school_computer_science": 0.84,
    "high_school_european_history": 0.8424242424242424,
    "high_school_geography": 0.8484848484848485,
    "high_school_government_and_politics": 0.8963730569948186,
    "high_school_macroeconomics": 0.7692307692307693,
    "high_school_mathematics": 0.5259259259259259,
    "high_school_microeconomics": 0.8991596638655462,
    "high_school_physics": 0.6887417218543046,
    "high_school_psychology": 0.8862385321100917,
    "high_school_statistics": 0.7268518518518519,
    "high_school_us_history": 0.8627450980392157,
    "high_school_world_history": 0.8734177215189873,
    "human_aging": 0.7040358744394619,
    "human_sexuality": 0.7862595419847328,
    "international_law": 0.768595041322314,
    "jurisprudence": 0.8055555555555556,
    "logical_fallacies": 0.852760736196319,
    "machine_learning": 0.5803571428571429,
    "management": 0.8640776699029126,
    "marketing": 0.9188034188034188,
    "medical_genetics": 0.85,
    "miscellaneous": 0.8492975734355045,
    "moral_disputes": 0.7138728323699421,
    "moral_scenarios": 0.4122905027932961,
    "nutrition": 0.7581699346405228,
    "philosophy": 0.7106109324758842,
    "prehistory": 0.8179012345679012,
    "professional_accounting": 0.5354609929078015,
    "professional_law": 0.516297262059974,
    "professional_medicine": 0.8014705882352942,
    "professional_psychology": 0.738562091503268,
    "public_relations": 0.6454545454545455,
    "security_studies": 0.763265306122449,
    "sociology": 0.8557213930348259,
    "us_foreign_policy": 0.85,
    "virology": 0.5240963855421686,
    "world_religions": 0.847953216374269
  },
  "platform": "Linux-4.18.0-553.89.1.el8_10.x86_64-x86_64-with-glibc2.28",
  "python": "3.12.11",
  "seed": 42,
  "sparsity_achieved": 9.999999994241094,
  "sparsity_requested": 10,
  "split": "test",
  "timestamp": "2026-04-17T08:48:51.083151+00:00",
  "torch": "2.9.1+cu128",
  "transformers": "5.1.0"
}
