best_accuracy,model_name,num_points,worst_accuracy
0.6523999430280587,llama31_8b_instruct,8,0.2310212220481413
0.7159236575986326,qwen3_8b,8,0.23486682808716708
