{
  "accuracy": 0.5655177325167355,
  "cuda_available": true,
  "cuda_device_count": 1,
  "dataset": "cais/mmlu",
  "datasets": "4.5.0",
  "emissions_kg_co2": 0.08111344157135537,
  "git_commit": "ef942e1edecc0078e334bf4645d75647363a38ac",
  "group_sparsity_achieved": 9.999819155092593,
  "group_sparsity_requested": 10,
  "metric": "accuracy",
  "model_hf_id": "Qwen/Qwen3-8B",
  "model_name": "qwen3_8b",
  "num_correct": 7941,
  "num_groups_pruned": 44236,
  "num_groups_total": 442368,
  "num_nonzero_target_params": 6402195456,
  "num_samples": 14042,
  "num_total_target_params": 6945767424,
  "per_subject_accuracy": {
    "abstract_algebra": 0.32,
    "anatomy": 0.5407407407407407,
    "astronomy": 0.6644736842105263,
    "business_ethics": 0.66,
    "clinical_knowledge": 0.6830188679245283,
    "college_biology": 0.6388888888888888,
    "college_chemistry": 0.46,
    "college_computer_science": 0.48,
    "college_mathematics": 0.46,
    "college_medicine": 0.5953757225433526,
    "college_physics": 0.47058823529411764,
    "computer_security": 0.71,
    "conceptual_physics": 0.6085106382978723,
    "econometrics": 0.4649122807017544,
    "electrical_engineering": 0.5793103448275863,
    "elementary_mathematics": 0.48677248677248675,
    "formal_logic": 0.5079365079365079,
    "global_facts": 0.27,
    "high_school_biology": 0.6903225806451613,
    "high_school_chemistry": 0.5073891625615764,
    "high_school_computer_science": 0.6,
    "high_school_european_history": 0.6484848484848484,
    "high_school_geography": 0.7272727272727273,
    "high_school_government_and_politics": 0.7305699481865285,
    "high_school_macroeconomics": 0.6384615384615384,
    "high_school_mathematics": 0.3037037037037037,
    "high_school_microeconomics": 0.7310924369747899,
    "high_school_physics": 0.5761589403973509,
    "high_school_psychology": 0.7798165137614679,
    "high_school_statistics": 0.5740740740740741,
    "high_school_us_history": 0.5980392156862745,
    "high_school_world_history": 0.6244725738396625,
    "human_aging": 0.57847533632287,
    "human_sexuality": 0.7175572519083969,
    "international_law": 0.6363636363636364,
    "jurisprudence": 0.6388888888888888,
    "logical_fallacies": 0.6319018404907976,
    "machine_learning": 0.38392857142857145,
    "management": 0.7572815533980582,
    "marketing": 0.8034188034188035,
    "medical_genetics": 0.66,
    "miscellaneous": 0.7011494252873564,
    "moral_disputes": 0.569364161849711,
    "moral_scenarios": 0.27262569832402234,
    "nutrition": 0.630718954248366,
    "philosophy": 0.617363344051447,
    "prehistory": 0.6111111111111112,
    "professional_accounting": 0.4432624113475177,
    "professional_law": 0.39113428943937417,
    "professional_medicine": 0.6139705882352942,
    "professional_psychology": 0.5490196078431373,
    "public_relations": 0.5727272727272728,
    "security_studies": 0.6816326530612244,
    "sociology": 0.7711442786069652,
    "us_foreign_policy": 0.69,
    "virology": 0.463855421686747,
    "world_religions": 0.7017543859649122
  },
  "platform": "Linux-4.18.0-553.89.1.el8_10.x86_64-x86_64-with-glibc2.28",
  "pruning_method": "global_magnitude_structured",
  "pruning_structure": "mlp_channel",
  "python": "3.12.11",
  "seed": 42,
  "sparsity_achieved": 7.825945425724634,
  "sparsity_requested": 10,
  "split": "test",
  "timestamp": "2026-04-18T10:19:36.643491+00:00",
  "torch": "2.9.1+cu128",
  "transformers": "5.1.0"
}
