{
  "accuracy": 0.2488961686369463,
  "cuda_available": true,
  "cuda_device_count": 1,
  "dataset": "cais/mmlu",
  "datasets": "4.5.0",
  "emissions_kg_co2": 0.0981225946572973,
  "git_commit": "0615d9fbbefa8cbd64310c83c4ef76934b8d0841",
  "metric": "accuracy",
  "model_hf_id": "Qwen/Qwen3-8B",
  "model_name": "qwen3_8b",
  "num_correct": 3495,
  "num_nonzero_target_params": 2083730228,
  "num_samples": 14042,
  "num_total_target_params": 6945767424,
  "per_subject_accuracy": {
    "abstract_algebra": 0.24,
    "anatomy": 0.24444444444444444,
    "astronomy": 0.25,
    "business_ethics": 0.19,
    "clinical_knowledge": 0.2037735849056604,
    "college_biology": 0.2361111111111111,
    "college_chemistry": 0.26,
    "college_computer_science": 0.28,
    "college_mathematics": 0.19,
    "college_medicine": 0.2774566473988439,
    "college_physics": 0.24509803921568626,
    "computer_security": 0.28,
    "conceptual_physics": 0.2936170212765957,
    "econometrics": 0.2543859649122807,
    "electrical_engineering": 0.21379310344827587,
    "elementary_mathematics": 0.23015873015873015,
    "formal_logic": 0.19047619047619047,
    "global_facts": 0.24,
    "high_school_biology": 0.2129032258064516,
    "high_school_chemistry": 0.24630541871921183,
    "high_school_computer_science": 0.3,
    "high_school_european_history": 0.20606060606060606,
    "high_school_geography": 0.2222222222222222,
    "high_school_government_and_politics": 0.23316062176165803,
    "high_school_macroeconomics": 0.2358974358974359,
    "high_school_mathematics": 0.2518518518518518,
    "high_school_microeconomics": 0.3067226890756303,
    "high_school_physics": 0.2251655629139073,
    "high_school_psychology": 0.21834862385321102,
    "high_school_statistics": 0.2361111111111111,
    "high_school_us_history": 0.24019607843137256,
    "high_school_world_history": 0.2489451476793249,
    "human_aging": 0.2825112107623318,
    "human_sexuality": 0.2595419847328244,
    "international_law": 0.3305785123966942,
    "jurisprudence": 0.25,
    "logical_fallacies": 0.3067484662576687,
    "machine_learning": 0.2857142857142857,
    "management": 0.20388349514563106,
    "marketing": 0.24786324786324787,
    "medical_genetics": 0.22,
    "miscellaneous": 0.24648786717752236,
    "moral_disputes": 0.28034682080924855,
    "moral_scenarios": 0.23687150837988827,
    "nutrition": 0.2679738562091503,
    "philosophy": 0.2315112540192926,
    "prehistory": 0.26851851851851855,
    "professional_accounting": 0.24468085106382978,
    "professional_law": 0.2633637548891786,
    "professional_medicine": 0.2536764705882353,
    "professional_psychology": 0.26633986928104575,
    "public_relations": 0.2545454545454545,
    "security_studies": 0.2612244897959184,
    "sociology": 0.21393034825870647,
    "us_foreign_policy": 0.27,
    "virology": 0.2469879518072289,
    "world_religions": 0.25146198830409355
  },
  "platform": "Linux-4.18.0-553.89.1.el8_10.x86_64-x86_64-with-glibc2.28",
  "python": "3.12.11",
  "seed": 42,
  "sparsity_achieved": 69.99999998848219,
  "sparsity_requested": 70,
  "split": "test",
  "timestamp": "2026-04-17T08:48:51.083151+00:00",
  "torch": "2.9.1+cu128",
  "transformers": "5.1.0"
}
