{
  "accuracy": 0.5632388548639795,
  "cuda_available": true,
  "cuda_device_count": 1,
  "dataset": "cais/mmlu",
  "datasets": "4.5.0",
  "emissions_kg_co2": 0.10016096089752087,
  "git_commit": "0615d9fbbefa8cbd64310c83c4ef76934b8d0841",
  "metric": "accuracy",
  "model_hf_id": "Qwen/Qwen3-8B",
  "model_name": "qwen3_8b",
  "num_correct": 7909,
  "num_nonzero_target_params": 4167460455,
  "num_samples": 14042,
  "num_total_target_params": 6945767424,
  "per_subject_accuracy": {
    "abstract_algebra": 0.4,
    "anatomy": 0.5333333333333333,
    "astronomy": 0.7105263157894737,
    "business_ethics": 0.63,
    "clinical_knowledge": 0.6792452830188679,
    "college_biology": 0.7430555555555556,
    "college_chemistry": 0.38,
    "college_computer_science": 0.53,
    "college_mathematics": 0.28,
    "college_medicine": 0.5838150289017341,
    "college_physics": 0.43137254901960786,
    "computer_security": 0.66,
    "conceptual_physics": 0.5957446808510638,
    "econometrics": 0.4473684210526316,
    "electrical_engineering": 0.6206896551724138,
    "elementary_mathematics": 0.5105820105820106,
    "formal_logic": 0.4603174603174603,
    "global_facts": 0.38,
    "high_school_biology": 0.7290322580645161,
    "high_school_chemistry": 0.5073891625615764,
    "high_school_computer_science": 0.63,
    "high_school_european_history": 0.696969696969697,
    "high_school_geography": 0.6767676767676768,
    "high_school_government_and_politics": 0.6787564766839378,
    "high_school_macroeconomics": 0.5564102564102564,
    "high_school_mathematics": 0.32222222222222224,
    "high_school_microeconomics": 0.6848739495798319,
    "high_school_physics": 0.4768211920529801,
    "high_school_psychology": 0.7706422018348624,
    "high_school_statistics": 0.4212962962962963,
    "high_school_us_history": 0.6813725490196079,
    "high_school_world_history": 0.6877637130801688,
    "human_aging": 0.6098654708520179,
    "human_sexuality": 0.6946564885496184,
    "international_law": 0.6859504132231405,
    "jurisprudence": 0.5833333333333334,
    "logical_fallacies": 0.5521472392638037,
    "machine_learning": 0.48214285714285715,
    "management": 0.7087378640776699,
    "marketing": 0.7991452991452992,
    "medical_genetics": 0.64,
    "miscellaneous": 0.6934865900383141,
    "moral_disputes": 0.6127167630057804,
    "moral_scenarios": 0.2849162011173184,
    "nutrition": 0.6928104575163399,
    "philosophy": 0.5401929260450161,
    "prehistory": 0.6327160493827161,
    "professional_accounting": 0.4326241134751773,
    "professional_law": 0.379400260756193,
    "professional_medicine": 0.6102941176470589,
    "professional_psychology": 0.5898692810457516,
    "public_relations": 0.5909090909090909,
    "security_studies": 0.6448979591836734,
    "sociology": 0.746268656716418,
    "us_foreign_policy": 0.72,
    "virology": 0.4879518072289157,
    "world_religions": 0.7134502923976608
  },
  "platform": "Linux-4.18.0-553.89.1.el8_10.x86_64-x86_64-with-glibc2.28",
  "python": "3.12.11",
  "seed": 42,
  "sparsity_achieved": 39.99999999136165,
  "sparsity_requested": 40,
  "split": "test",
  "timestamp": "2026-04-17T08:48:51.083151+00:00",
  "torch": "2.9.1+cu128",
  "transformers": "5.1.0"
}
