{
  "cloud_provider": "",
  "codecarbon_version": "3.2.2",
  "country_name": "Canada",
  "cpu_power_w": 67.57688957247413,
  "duration_s": 1296.0954820681363,
  "emissions_kg_co2": 0.0783651905239512,
  "energy_consumed_kwh": 0.12484998687625322,
  "gpu_power_w": 236.87163676931993,
  "ram_power_w": 46.0
}
