{
  "accuracy": 0.24070645207235436,
  "cuda_available": true,
  "cuda_device_count": 1,
  "dataset": "cais/mmlu",
  "datasets": "4.5.0",
  "emissions_kg_co2": 0.0783651905239512,
  "git_commit": "ef942e1edecc0078e334bf4645d75647363a38ac",
  "group_sparsity_achieved": 59.999819155092595,
  "group_sparsity_requested": 60,
  "metric": "accuracy",
  "model_hf_id": "Qwen/Qwen3-8B",
  "model_name": "qwen3_8b",
  "num_correct": 3380,
  "num_groups_pruned": 265420,
  "num_groups_total": 442368,
  "num_nonzero_target_params": 3684286464,
  "num_samples": 14042,
  "num_total_target_params": 6945767424,
  "per_subject_accuracy": {
    "abstract_algebra": 0.24,
    "anatomy": 0.24444444444444444,
    "astronomy": 0.20394736842105263,
    "business_ethics": 0.22,
    "clinical_knowledge": 0.1660377358490566,
    "college_biology": 0.24305555555555555,
    "college_chemistry": 0.16,
    "college_computer_science": 0.26,
    "college_mathematics": 0.27,
    "college_medicine": 0.19653179190751446,
    "college_physics": 0.23529411764705882,
    "computer_security": 0.28,
    "conceptual_physics": 0.24680851063829787,
    "econometrics": 0.23684210526315788,
    "electrical_engineering": 0.2689655172413793,
    "elementary_mathematics": 0.25132275132275134,
    "formal_logic": 0.2698412698412698,
    "global_facts": 0.21,
    "high_school_biology": 0.2032258064516129,
    "high_school_chemistry": 0.17733990147783252,
    "high_school_computer_science": 0.26,
    "high_school_european_history": 0.3151515151515151,
    "high_school_geography": 0.20707070707070707,
    "high_school_government_and_politics": 0.22279792746113988,
    "high_school_macroeconomics": 0.258974358974359,
    "high_school_mathematics": 0.21481481481481482,
    "high_school_microeconomics": 0.24789915966386555,
    "high_school_physics": 0.1986754966887417,
    "high_school_psychology": 0.20733944954128442,
    "high_school_statistics": 0.19444444444444445,
    "high_school_us_history": 0.25,
    "high_school_world_history": 0.2911392405063291,
    "human_aging": 0.28699551569506726,
    "human_sexuality": 0.24427480916030533,
    "international_law": 0.23140495867768596,
    "jurisprudence": 0.24074074074074073,
    "logical_fallacies": 0.24539877300613497,
    "machine_learning": 0.29464285714285715,
    "management": 0.20388349514563106,
    "marketing": 0.26495726495726496,
    "medical_genetics": 0.3,
    "miscellaneous": 0.2413793103448276,
    "moral_disputes": 0.2514450867052023,
    "moral_scenarios": 0.2569832402234637,
    "nutrition": 0.20588235294117646,
    "philosophy": 0.17363344051446947,
    "prehistory": 0.25308641975308643,
    "professional_accounting": 0.24468085106382978,
    "professional_law": 0.26597131681877445,
    "professional_medicine": 0.17647058823529413,
    "professional_psychology": 0.24673202614379086,
    "public_relations": 0.2545454545454545,
    "security_studies": 0.22448979591836735,
    "sociology": 0.2537313432835821,
    "us_foreign_policy": 0.3,
    "virology": 0.26506024096385544,
    "world_religions": 0.30994152046783624
  },
  "platform": "Linux-4.18.0-553.89.1.el8_10.x86_64-x86_64-with-glibc2.28",
  "pruning_method": "global_magnitude_structured",
  "pruning_structure": "mlp_channel",
  "python": "3.12.11",
  "seed": 42,
  "sparsity_achieved": 46.956380208333336,
  "sparsity_requested": 60,
  "split": "test",
  "timestamp": "2026-04-18T10:19:36.643491+00:00",
  "torch": "2.9.1+cu128",
  "transformers": "5.1.0"
}
