{
  "accuracy": 0.22945449366187154,
  "cuda_available": true,
  "cuda_device_count": 1,
  "dataset": "cais/mmlu",
  "datasets": "4.5.0",
  "emissions_kg_co2": 0.0936159061595382,
  "git_commit": "0615d9fbbefa8cbd64310c83c4ef76934b8d0841",
  "metric": "accuracy",
  "model_hf_id": "meta-llama/Llama-3.1-8B-Instruct",
  "model_name": "llama31_8b_instruct",
  "num_correct": 3222,
  "num_nonzero_target_params": 2791728743,
  "num_samples": 14042,
  "num_total_target_params": 6979321856,
  "per_subject_accuracy": {
    "abstract_algebra": 0.22,
    "anatomy": 0.1925925925925926,
    "astronomy": 0.17763157894736842,
    "business_ethics": 0.3,
    "clinical_knowledge": 0.21132075471698114,
    "college_biology": 0.2569444444444444,
    "college_chemistry": 0.2,
    "college_computer_science": 0.25,
    "college_mathematics": 0.21,
    "college_medicine": 0.2023121387283237,
    "college_physics": 0.21568627450980393,
    "computer_security": 0.28,
    "conceptual_physics": 0.26382978723404255,
    "econometrics": 0.23684210526315788,
    "electrical_engineering": 0.2413793103448276,
    "elementary_mathematics": 0.20899470899470898,
    "formal_logic": 0.2857142857142857,
    "global_facts": 0.18,
    "high_school_biology": 0.1774193548387097,
    "high_school_chemistry": 0.15763546798029557,
    "high_school_computer_science": 0.25,
    "high_school_european_history": 0.21818181818181817,
    "high_school_geography": 0.17676767676767677,
    "high_school_government_and_politics": 0.19689119170984457,
    "high_school_macroeconomics": 0.20512820512820512,
    "high_school_mathematics": 0.2111111111111111,
    "high_school_microeconomics": 0.21008403361344538,
    "high_school_physics": 0.1986754966887417,
    "high_school_psychology": 0.1926605504587156,
    "high_school_statistics": 0.1527777777777778,
    "high_school_us_history": 0.25,
    "high_school_world_history": 0.270042194092827,
    "human_aging": 0.31390134529147984,
    "human_sexuality": 0.2595419847328244,
    "international_law": 0.2396694214876033,
    "jurisprudence": 0.25,
    "logical_fallacies": 0.22085889570552147,
    "machine_learning": 0.3125,
    "management": 0.17475728155339806,
    "marketing": 0.2905982905982906,
    "medical_genetics": 0.3,
    "miscellaneous": 0.23754789272030652,
    "moral_disputes": 0.24855491329479767,
    "moral_scenarios": 0.23798882681564246,
    "nutrition": 0.22549019607843138,
    "philosophy": 0.1864951768488746,
    "prehistory": 0.21604938271604937,
    "professional_accounting": 0.23404255319148937,
    "professional_law": 0.2457627118644068,
    "professional_medicine": 0.18382352941176472,
    "professional_psychology": 0.25163398692810457,
    "public_relations": 0.21818181818181817,
    "security_studies": 0.18775510204081633,
    "sociology": 0.24378109452736318,
    "us_foreign_policy": 0.28,
    "virology": 0.28313253012048195,
    "world_religions": 0.3216374269005848
  },
  "platform": "Linux-4.18.0-553.89.1.el8_10.x86_64-x86_64-with-glibc2.28",
  "python": "3.12.11",
  "seed": 42,
  "sparsity_achieved": 59.99999999140317,
  "sparsity_requested": 60,
  "split": "test",
  "timestamp": "2026-04-17T08:48:51.083151+00:00",
  "torch": "2.9.1+cu128",
  "transformers": "5.1.0"
}
