{
  "cloud_provider": "",
  "codecarbon_version": "3.2.2",
  "country_name": "Canada",
  "cpu_power_w": 68.93245972882025,
  "duration_s": 1304.214526142925,
  "emissions_kg_co2": 0.08088167793917649,
  "energy_consumed_kwh": 0.1288592085557323,
  "gpu_power_w": 244.76741298119595,
  "ram_power_w": 46.0
}
