{
  "accuracy": 0.26356644352656317,
  "cuda_available": true,
  "cuda_device_count": 1,
  "dataset": "cais/mmlu",
  "datasets": "4.5.0",
  "emissions_kg_co2": 0.08088167793917649,
  "git_commit": "ef942e1edecc0078e334bf4645d75647363a38ac",
  "group_sparsity_achieved": 19.999864366319443,
  "group_sparsity_requested": 20,
  "metric": "accuracy",
  "model_hf_id": "Qwen/Qwen3-8B",
  "model_name": "qwen3_8b",
  "num_correct": 3701,
  "num_groups_pruned": 88473,
  "num_groups_total": 442368,
  "num_nonzero_target_params": 5858611200,
  "num_samples": 14042,
  "num_total_target_params": 6945767424,
  "per_subject_accuracy": {
    "abstract_algebra": 0.31,
    "anatomy": 0.2222222222222222,
    "astronomy": 0.27631578947368424,
    "business_ethics": 0.29,
    "clinical_knowledge": 0.2830188679245283,
    "college_biology": 0.2152777777777778,
    "college_chemistry": 0.27,
    "college_computer_science": 0.23,
    "college_mathematics": 0.25,
    "college_medicine": 0.2543352601156069,
    "college_physics": 0.22549019607843138,
    "computer_security": 0.34,
    "conceptual_physics": 0.28085106382978725,
    "econometrics": 0.20175438596491227,
    "electrical_engineering": 0.3310344827586207,
    "elementary_mathematics": 0.2222222222222222,
    "formal_logic": 0.3253968253968254,
    "global_facts": 0.25,
    "high_school_biology": 0.2870967741935484,
    "high_school_chemistry": 0.2413793103448276,
    "high_school_computer_science": 0.27,
    "high_school_european_history": 0.24242424242424243,
    "high_school_geography": 0.23232323232323232,
    "high_school_government_and_politics": 0.24352331606217617,
    "high_school_macroeconomics": 0.2641025641025641,
    "high_school_mathematics": 0.21851851851851853,
    "high_school_microeconomics": 0.3403361344537815,
    "high_school_physics": 0.25165562913907286,
    "high_school_psychology": 0.27889908256880735,
    "high_school_statistics": 0.2361111111111111,
    "high_school_us_history": 0.23529411764705882,
    "high_school_world_history": 0.26582278481012656,
    "human_aging": 0.27802690582959644,
    "human_sexuality": 0.31297709923664124,
    "international_law": 0.2809917355371901,
    "jurisprudence": 0.2222222222222222,
    "logical_fallacies": 0.22699386503067484,
    "machine_learning": 0.25,
    "management": 0.23300970873786409,
    "marketing": 0.3162393162393162,
    "medical_genetics": 0.28,
    "miscellaneous": 0.27586206896551724,
    "moral_disputes": 0.21965317919075145,
    "moral_scenarios": 0.2670391061452514,
    "nutrition": 0.30718954248366015,
    "philosophy": 0.2572347266881029,
    "prehistory": 0.24074074074074073,
    "professional_accounting": 0.24822695035460993,
    "professional_law": 0.24185136897001303,
    "professional_medicine": 0.27941176470588236,
    "professional_psychology": 0.2549019607843137,
    "public_relations": 0.2545454545454545,
    "security_studies": 0.3224489795918367,
    "sociology": 0.32338308457711445,
    "us_foreign_policy": 0.31,
    "virology": 0.2710843373493976,
    "world_religions": 0.2982456140350877
  },
  "platform": "Linux-4.18.0-553.89.1.el8_10.x86_64-x86_64-with-glibc2.28",
  "pruning_method": "global_magnitude_structured",
  "pruning_structure": "mlp_channel",
  "python": "3.12.11",
  "seed": 42,
  "sparsity_achieved": 15.652067764945654,
  "sparsity_requested": 20,
  "split": "test",
  "timestamp": "2026-04-18T10:19:36.643491+00:00",
  "torch": "2.9.1+cu128",
  "transformers": "5.1.0"
}
