{
  "accuracy": 0.6533257370744908,
  "cuda_available": true,
  "cuda_device_count": 1,
  "dataset": "cais/mmlu",
  "datasets": "4.5.0",
  "emissions_kg_co2": 0.08236521585362347,
  "git_commit": "ef942e1edecc0078e334bf4645d75647363a38ac",
  "metric": "accuracy",
  "model_hf_id": "meta-llama/Llama-3.1-8B-Instruct",
  "model_name": "llama31_8b_instruct",
  "nm_block_dim": 1,
  "nm_m": 4,
  "nm_n": 2,
  "nm_pattern": "2:4",
  "nm_sparsity_achieved": 0.0,
  "nm_sparsity_requested": 50.0,
  "num_correct": 9174,
  "num_nm_blocks_total": 0,
  "num_nm_complete_blocks": 0,
  "num_nm_remainder_weights": 0,
  "num_nonzero_target_params": 6979321856,
  "num_samples": 14042,
  "num_total_target_params": 6979321856,
  "parameter_sparsity_achieved": 0.0,
  "per_subject_accuracy": {
    "abstract_algebra": 0.29,
    "anatomy": 0.6592592592592592,
    "astronomy": 0.7236842105263158,
    "business_ethics": 0.62,
    "clinical_knowledge": 0.7773584905660378,
    "college_biology": 0.7777777777777778,
    "college_chemistry": 0.43,
    "college_computer_science": 0.5,
    "college_mathematics": 0.27,
    "college_medicine": 0.7167630057803468,
    "college_physics": 0.43137254901960786,
    "computer_security": 0.76,
    "conceptual_physics": 0.6680851063829787,
    "econometrics": 0.4649122807017544,
    "electrical_engineering": 0.5517241379310345,
    "elementary_mathematics": 0.4497354497354497,
    "formal_logic": 0.4365079365079365,
    "global_facts": 0.44,
    "high_school_biology": 0.7935483870967742,
    "high_school_chemistry": 0.5812807881773399,
    "high_school_computer_science": 0.75,
    "high_school_european_history": 0.7515151515151515,
    "high_school_geography": 0.797979797979798,
    "high_school_government_and_politics": 0.8601036269430051,
    "high_school_macroeconomics": 0.6435897435897436,
    "high_school_mathematics": 0.37407407407407406,
    "high_school_microeconomics": 0.6974789915966386,
    "high_school_physics": 0.4304635761589404,
    "high_school_psychology": 0.8660550458715597,
    "high_school_statistics": 0.46296296296296297,
    "high_school_us_history": 0.8382352941176471,
    "high_school_world_history": 0.8649789029535865,
    "human_aging": 0.6681614349775785,
    "human_sexuality": 0.7633587786259542,
    "international_law": 0.743801652892562,
    "jurisprudence": 0.7314814814814815,
    "logical_fallacies": 0.754601226993865,
    "machine_learning": 0.5625,
    "management": 0.8446601941747572,
    "marketing": 0.8675213675213675,
    "medical_genetics": 0.77,
    "miscellaneous": 0.822477650063857,
    "moral_disputes": 0.6416184971098265,
    "moral_scenarios": 0.5128491620111731,
    "nutrition": 0.7777777777777778,
    "philosophy": 0.6720257234726688,
    "prehistory": 0.7098765432098766,
    "professional_accounting": 0.4858156028368794,
    "professional_law": 0.4830508474576271,
    "professional_medicine": 0.8125,
    "professional_psychology": 0.7091503267973857,
    "public_relations": 0.6272727272727273,
    "security_studies": 0.7061224489795919,
    "sociology": 0.8059701492537313,
    "us_foreign_policy": 0.86,
    "virology": 0.5301204819277109,
    "world_religions": 0.8245614035087719
  },
  "platform": "Linux-4.18.0-553.89.1.el8_10.x86_64-x86_64-with-glibc2.28",
  "pruning_method": "global_magnitude_semi_structured",
  "pruning_structure": "nm_2_4",
  "python": "3.12.11",
  "seed": 42,
  "sparsity_achieved": 0.0,
  "sparsity_requested": 0,
  "split": "test",
  "timestamp": "2026-04-18T14:29:45.084548+00:00",
  "torch": "2.9.1+cu128",
  "transformers": "5.1.0"
}
