{
  "accuracy": 0.5348240991311779,
  "cuda_available": true,
  "cuda_device_count": 1,
  "dataset": "cais/mmlu",
  "datasets": "4.5.0",
  "emissions_kg_co2": 0.10110906111122173,
  "git_commit": "0615d9fbbefa8cbd64310c83c4ef76934b8d0841",
  "metric": "accuracy",
  "model_hf_id": "meta-llama/Llama-3.1-8B-Instruct",
  "model_name": "llama31_8b_instruct",
  "num_correct": 7510,
  "num_nonzero_target_params": 4187593114,
  "num_samples": 14042,
  "num_total_target_params": 6979321856,
  "per_subject_accuracy": {
    "abstract_algebra": 0.26,
    "anatomy": 0.5703703703703704,
    "astronomy": 0.5592105263157895,
    "business_ethics": 0.59,
    "clinical_knowledge": 0.6415094339622641,
    "college_biology": 0.5902777777777778,
    "college_chemistry": 0.34,
    "college_computer_science": 0.43,
    "college_mathematics": 0.33,
    "college_medicine": 0.5606936416184971,
    "college_physics": 0.3627450980392157,
    "computer_security": 0.61,
    "conceptual_physics": 0.4425531914893617,
    "econometrics": 0.2982456140350877,
    "electrical_engineering": 0.4482758620689655,
    "elementary_mathematics": 0.37566137566137564,
    "formal_logic": 0.36507936507936506,
    "global_facts": 0.37,
    "high_school_biology": 0.6451612903225806,
    "high_school_chemistry": 0.45320197044334976,
    "high_school_computer_science": 0.56,
    "high_school_european_history": 0.6363636363636364,
    "high_school_geography": 0.6767676767676768,
    "high_school_government_and_politics": 0.7046632124352331,
    "high_school_macroeconomics": 0.5076923076923077,
    "high_school_mathematics": 0.31851851851851853,
    "high_school_microeconomics": 0.4789915966386555,
    "high_school_physics": 0.37748344370860926,
    "high_school_psychology": 0.7688073394495413,
    "high_school_statistics": 0.4166666666666667,
    "high_school_us_history": 0.7107843137254902,
    "high_school_world_history": 0.7215189873417721,
    "human_aging": 0.57847533632287,
    "human_sexuality": 0.6793893129770993,
    "international_law": 0.6611570247933884,
    "jurisprudence": 0.6018518518518519,
    "logical_fallacies": 0.5766871165644172,
    "machine_learning": 0.45535714285714285,
    "management": 0.6796116504854369,
    "marketing": 0.7606837606837606,
    "medical_genetics": 0.69,
    "miscellaneous": 0.7305236270753512,
    "moral_disputes": 0.5606936416184971,
    "moral_scenarios": 0.27932960893854747,
    "nutrition": 0.5555555555555556,
    "philosophy": 0.6012861736334405,
    "prehistory": 0.6327160493827161,
    "professional_accounting": 0.375886524822695,
    "professional_law": 0.4067796610169492,
    "professional_medicine": 0.5919117647058824,
    "professional_psychology": 0.5947712418300654,
    "public_relations": 0.5545454545454546,
    "security_studies": 0.5673469387755102,
    "sociology": 0.7164179104477612,
    "us_foreign_policy": 0.79,
    "virology": 0.4457831325301205,
    "world_religions": 0.6842105263157895
  },
  "platform": "Linux-4.18.0-553.89.1.el8_10.x86_64-x86_64-with-glibc2.28",
  "python": "3.12.11",
  "seed": 42,
  "sparsity_achieved": 39.999999994268784,
  "sparsity_requested": 40,
  "split": "test",
  "timestamp": "2026-04-17T08:48:51.083151+00:00",
  "torch": "2.9.1+cu128",
  "transformers": "5.1.0"
}
