{
  "accuracy": 0.2310212220481413,
  "cuda_available": true,
  "cuda_device_count": 1,
  "dataset": "cais/mmlu",
  "datasets": "4.5.0",
  "emissions_kg_co2": 0.06331347110289655,
  "git_commit": "ef942e1edecc0078e334bf4645d75647363a38ac",
  "group_sparsity_achieved": 50.0,
  "group_sparsity_requested": 50,
  "metric": "accuracy",
  "model_hf_id": "meta-llama/Llama-3.1-8B-Instruct",
  "model_name": "llama31_8b_instruct",
  "num_correct": 3244,
  "num_groups_pruned": 229376,
  "num_groups_total": 458752,
  "num_nonzero_target_params": 4160749568,
  "num_samples": 14042,
  "num_total_target_params": 6979321856,
  "per_subject_accuracy": {
    "abstract_algebra": 0.2,
    "anatomy": 0.17777777777777778,
    "astronomy": 0.15789473684210525,
    "business_ethics": 0.29,
    "clinical_knowledge": 0.21509433962264152,
    "college_biology": 0.2708333333333333,
    "college_chemistry": 0.23,
    "college_computer_science": 0.24,
    "college_mathematics": 0.21,
    "college_medicine": 0.19653179190751446,
    "college_physics": 0.22549019607843138,
    "computer_security": 0.28,
    "conceptual_physics": 0.2680851063829787,
    "econometrics": 0.22807017543859648,
    "electrical_engineering": 0.25517241379310346,
    "elementary_mathematics": 0.2222222222222222,
    "formal_logic": 0.2619047619047619,
    "global_facts": 0.17,
    "high_school_biology": 0.1935483870967742,
    "high_school_chemistry": 0.16748768472906403,
    "high_school_computer_science": 0.28,
    "high_school_european_history": 0.20606060606060606,
    "high_school_geography": 0.17676767676767677,
    "high_school_government_and_politics": 0.19170984455958548,
    "high_school_macroeconomics": 0.19487179487179487,
    "high_school_mathematics": 0.2074074074074074,
    "high_school_microeconomics": 0.20588235294117646,
    "high_school_physics": 0.1986754966887417,
    "high_school_psychology": 0.1944954128440367,
    "high_school_statistics": 0.17592592592592593,
    "high_school_us_history": 0.23039215686274508,
    "high_school_world_history": 0.2869198312236287,
    "human_aging": 0.3094170403587444,
    "human_sexuality": 0.26717557251908397,
    "international_law": 0.23140495867768596,
    "jurisprudence": 0.2777777777777778,
    "logical_fallacies": 0.22085889570552147,
    "machine_learning": 0.3125,
    "management": 0.20388349514563106,
    "marketing": 0.2905982905982906,
    "medical_genetics": 0.29,
    "miscellaneous": 0.24648786717752236,
    "moral_disputes": 0.24855491329479767,
    "moral_scenarios": 0.23798882681564246,
    "nutrition": 0.21568627450980393,
    "philosophy": 0.19935691318327975,
    "prehistory": 0.2222222222222222,
    "professional_accounting": 0.2375886524822695,
    "professional_law": 0.24641460234680573,
    "professional_medicine": 0.20955882352941177,
    "professional_psychology": 0.25980392156862747,
    "public_relations": 0.21818181818181817,
    "security_studies": 0.16326530612244897,
    "sociology": 0.23880597014925373,
    "us_foreign_policy": 0.28,
    "virology": 0.25903614457831325,
    "world_religions": 0.30994152046783624
  },
  "platform": "Linux-4.18.0-553.89.1.el8_10.x86_64-x86_64-with-glibc2.28",
  "pruning_method": "global_magnitude_structured",
  "pruning_structure": "mlp_channel",
  "python": "3.12.11",
  "seed": 42,
  "sparsity_achieved": 40.38461538461539,
  "sparsity_requested": 50,
  "split": "test",
  "timestamp": "2026-04-18T10:19:36.643491+00:00",
  "torch": "2.9.1+cu128",
  "transformers": "5.1.0"
}
