{
  "accuracy": 0.28471727674120495,
  "cuda_available": true,
  "cuda_device_count": 1,
  "dataset": "cais/mmlu",
  "datasets": "4.5.0",
  "emissions_kg_co2": 0.07921851956162998,
  "git_commit": "ef942e1edecc0078e334bf4645d75647363a38ac",
  "metric": "accuracy",
  "model_hf_id": "meta-llama/Llama-3.1-8B-Instruct",
  "model_name": "llama31_8b_instruct",
  "nm_block_dim": 1,
  "nm_m": 4,
  "nm_n": 2,
  "nm_pattern": "2:4",
  "nm_sparsity_achieved": 50.0,
  "nm_sparsity_requested": 50.0,
  "num_correct": 3998,
  "num_nm_blocks_total": 1744830464,
  "num_nm_complete_blocks": 1744830464,
  "num_nm_remainder_weights": 0,
  "num_nonzero_target_params": 3489660928,
  "num_samples": 14042,
  "num_total_target_params": 6979321856,
  "parameter_sparsity_achieved": 50.0,
  "per_subject_accuracy": {
    "abstract_algebra": 0.3,
    "anatomy": 0.3925925925925926,
    "astronomy": 0.34868421052631576,
    "business_ethics": 0.3,
    "clinical_knowledge": 0.27547169811320754,
    "college_biology": 0.2916666666666667,
    "college_chemistry": 0.13,
    "college_computer_science": 0.24,
    "college_mathematics": 0.27,
    "college_medicine": 0.3179190751445087,
    "college_physics": 0.22549019607843138,
    "computer_security": 0.35,
    "conceptual_physics": 0.2765957446808511,
    "econometrics": 0.21929824561403508,
    "electrical_engineering": 0.3793103448275862,
    "elementary_mathematics": 0.21693121693121692,
    "formal_logic": 0.23809523809523808,
    "global_facts": 0.3,
    "high_school_biology": 0.267741935483871,
    "high_school_chemistry": 0.2955665024630542,
    "high_school_computer_science": 0.36,
    "high_school_european_history": 0.26666666666666666,
    "high_school_geography": 0.36363636363636365,
    "high_school_government_and_politics": 0.27461139896373055,
    "high_school_macroeconomics": 0.22564102564102564,
    "high_school_mathematics": 0.24814814814814815,
    "high_school_microeconomics": 0.2647058823529412,
    "high_school_physics": 0.2582781456953642,
    "high_school_psychology": 0.27889908256880735,
    "high_school_statistics": 0.21296296296296297,
    "high_school_us_history": 0.2696078431372549,
    "high_school_world_history": 0.25738396624472576,
    "human_aging": 0.23766816143497757,
    "human_sexuality": 0.26717557251908397,
    "international_law": 0.371900826446281,
    "jurisprudence": 0.2962962962962963,
    "logical_fallacies": 0.34355828220858897,
    "machine_learning": 0.1875,
    "management": 0.24271844660194175,
    "marketing": 0.4188034188034188,
    "medical_genetics": 0.28,
    "miscellaneous": 0.37547892720306514,
    "moral_disputes": 0.3265895953757225,
    "moral_scenarios": 0.24804469273743016,
    "nutrition": 0.30718954248366015,
    "philosophy": 0.33762057877813506,
    "prehistory": 0.345679012345679,
    "professional_accounting": 0.25886524822695034,
    "professional_law": 0.2685788787483703,
    "professional_medicine": 0.17279411764705882,
    "professional_psychology": 0.29248366013071897,
    "public_relations": 0.2545454545454545,
    "security_studies": 0.2530612244897959,
    "sociology": 0.31840796019900497,
    "us_foreign_policy": 0.35,
    "virology": 0.2891566265060241,
    "world_religions": 0.30994152046783624
  },
  "platform": "Linux-4.18.0-553.89.1.el8_10.x86_64-x86_64-with-glibc2.28",
  "pruning_method": "global_magnitude_semi_structured",
  "pruning_structure": "nm_2_4",
  "python": "3.12.11",
  "seed": 42,
  "sparsity_achieved": 50.0,
  "sparsity_requested": 50,
  "split": "test",
  "timestamp": "2026-04-18T14:29:45.084548+00:00",
  "torch": "2.9.1+cu128",
  "transformers": "5.1.0"
}
