{
  "accuracy": 0.696268337843612,
  "cuda_available": true,
  "cuda_device_count": 1,
  "dataset": "cais/mmlu",
  "datasets": "4.5.0",
  "emissions_kg_co2": 0.10913654536116872,
  "git_commit": "0615d9fbbefa8cbd64310c83c4ef76934b8d0841",
  "metric": "accuracy",
  "model_hf_id": "Qwen/Qwen3-8B",
  "model_name": "qwen3_8b",
  "num_correct": 9777,
  "num_nonzero_target_params": 5556613940,
  "num_samples": 14042,
  "num_total_target_params": 6945767424,
  "per_subject_accuracy": {
    "abstract_algebra": 0.53,
    "anatomy": 0.7037037037037037,
    "astronomy": 0.8618421052631579,
    "business_ethics": 0.76,
    "clinical_knowledge": 0.7773584905660378,
    "college_biology": 0.8333333333333334,
    "college_chemistry": 0.5,
    "college_computer_science": 0.71,
    "college_mathematics": 0.51,
    "college_medicine": 0.7398843930635838,
    "college_physics": 0.5490196078431373,
    "computer_security": 0.86,
    "conceptual_physics": 0.8085106382978723,
    "econometrics": 0.5877192982456141,
    "electrical_engineering": 0.7310344827586207,
    "elementary_mathematics": 0.6798941798941799,
    "formal_logic": 0.6031746031746031,
    "global_facts": 0.36,
    "high_school_biology": 0.8806451612903226,
    "high_school_chemistry": 0.7044334975369458,
    "high_school_computer_science": 0.85,
    "high_school_european_history": 0.8484848484848485,
    "high_school_geography": 0.8484848484848485,
    "high_school_government_and_politics": 0.8808290155440415,
    "high_school_macroeconomics": 0.7615384615384615,
    "high_school_mathematics": 0.4888888888888889,
    "high_school_microeconomics": 0.8907563025210085,
    "high_school_physics": 0.6688741721854304,
    "high_school_psychology": 0.8715596330275229,
    "high_school_statistics": 0.7175925925925926,
    "high_school_us_history": 0.8333333333333334,
    "high_school_world_history": 0.8565400843881856,
    "human_aging": 0.7219730941704036,
    "human_sexuality": 0.7786259541984732,
    "international_law": 0.7603305785123967,
    "jurisprudence": 0.7777777777777778,
    "logical_fallacies": 0.7791411042944786,
    "machine_learning": 0.5535714285714286,
    "management": 0.8640776699029126,
    "marketing": 0.8888888888888888,
    "medical_genetics": 0.84,
    "miscellaneous": 0.8275862068965517,
    "moral_disputes": 0.7052023121387283,
    "moral_scenarios": 0.3195530726256983,
    "nutrition": 0.7549019607843137,
    "philosophy": 0.707395498392283,
    "prehistory": 0.7777777777777778,
    "professional_accounting": 0.524822695035461,
    "professional_law": 0.5013037809647979,
    "professional_medicine": 0.7720588235294118,
    "professional_psychology": 0.7189542483660131,
    "public_relations": 0.6636363636363637,
    "security_studies": 0.7346938775510204,
    "sociology": 0.8656716417910447,
    "us_foreign_policy": 0.85,
    "virology": 0.5180722891566265,
    "world_religions": 0.8362573099415205
  },
  "platform": "Linux-4.18.0-553.89.1.el8_10.x86_64-x86_64-with-glibc2.28",
  "python": "3.12.11",
  "seed": 42,
  "sparsity_achieved": 19.999999988482198,
  "sparsity_requested": 20,
  "split": "test",
  "timestamp": "2026-04-17T08:48:51.083151+00:00",
  "torch": "2.9.1+cu128",
  "transformers": "5.1.0"
}
