{
  "accuracy": 0.26043298675402365,
  "cuda_available": true,
  "cuda_device_count": 1,
  "dataset": "cais/mmlu",
  "datasets": "4.5.0",
  "emissions_kg_co2": 0.09329514252721047,
  "git_commit": "0615d9fbbefa8cbd64310c83c4ef76934b8d0841",
  "metric": "accuracy",
  "model_hf_id": "meta-llama/Llama-3.1-8B-Instruct",
  "model_name": "llama31_8b_instruct",
  "num_correct": 3657,
  "num_nonzero_target_params": 1395864372,
  "num_samples": 14042,
  "num_total_target_params": 6979321856,
  "per_subject_accuracy": {
    "abstract_algebra": 0.28,
    "anatomy": 0.31851851851851853,
    "astronomy": 0.27631578947368424,
    "business_ethics": 0.21,
    "clinical_knowledge": 0.23018867924528302,
    "college_biology": 0.2569444444444444,
    "college_chemistry": 0.31,
    "college_computer_science": 0.25,
    "college_mathematics": 0.24,
    "college_medicine": 0.2138728323699422,
    "college_physics": 0.23529411764705882,
    "computer_security": 0.25,
    "conceptual_physics": 0.2297872340425532,
    "econometrics": 0.21929824561403508,
    "electrical_engineering": 0.27586206896551724,
    "elementary_mathematics": 0.2671957671957672,
    "formal_logic": 0.23809523809523808,
    "global_facts": 0.34,
    "high_school_biology": 0.25483870967741934,
    "high_school_chemistry": 0.2561576354679803,
    "high_school_computer_science": 0.25,
    "high_school_european_history": 0.2545454545454545,
    "high_school_geography": 0.23737373737373738,
    "high_school_government_and_politics": 0.2538860103626943,
    "high_school_macroeconomics": 0.24358974358974358,
    "high_school_mathematics": 0.2814814814814815,
    "high_school_microeconomics": 0.23949579831932774,
    "high_school_physics": 0.2847682119205298,
    "high_school_psychology": 0.23302752293577983,
    "high_school_statistics": 0.4351851851851852,
    "high_school_us_history": 0.2549019607843137,
    "high_school_world_history": 0.20253164556962025,
    "human_aging": 0.18834080717488788,
    "human_sexuality": 0.22900763358778625,
    "international_law": 0.2644628099173554,
    "jurisprudence": 0.24074074074074073,
    "logical_fallacies": 0.25766871165644173,
    "machine_learning": 0.26785714285714285,
    "management": 0.18446601941747573,
    "marketing": 0.2606837606837607,
    "medical_genetics": 0.17,
    "miscellaneous": 0.27330779054916987,
    "moral_disputes": 0.2832369942196532,
    "moral_scenarios": 0.26927374301675977,
    "nutrition": 0.2581699346405229,
    "philosophy": 0.28938906752411575,
    "prehistory": 0.2808641975308642,
    "professional_accounting": 0.22340425531914893,
    "professional_law": 0.24511082138200782,
    "professional_medicine": 0.3382352941176471,
    "professional_psychology": 0.2777777777777778,
    "public_relations": 0.17272727272727273,
    "security_studies": 0.37551020408163266,
    "sociology": 0.25870646766169153,
    "us_foreign_policy": 0.27,
    "virology": 0.22289156626506024,
    "world_religions": 0.28654970760233917
  },
  "platform": "Linux-4.18.0-553.89.1.el8_10.x86_64-x86_64-with-glibc2.28",
  "python": "3.12.11",
  "seed": 42,
  "sparsity_achieved": 79.99999998853757,
  "sparsity_requested": 80,
  "split": "test",
  "timestamp": "2026-04-17T08:48:51.083151+00:00",
  "torch": "2.9.1+cu128",
  "transformers": "5.1.0"
}
