{
  "cloud_provider": "",
  "codecarbon_version": "3.2.2",
  "country_name": "Canada",
  "cpu_power_w": 70.66833470570505,
  "duration_s": 951.3227009838447,
  "emissions_kg_co2": 0.06520774373571589,
  "energy_consumed_kwh": 0.10388778353248533,
  "gpu_power_w": 280.14604616522297,
  "ram_power_w": 46.0
}
