{
  "accuracy": 0.23315766984760006,
  "cuda_available": true,
  "cuda_device_count": 1,
  "dataset": "cais/mmlu",
  "datasets": "4.5.0",
  "emissions_kg_co2": 0.06520774373571589,
  "git_commit": "ef942e1edecc0078e334bf4645d75647363a38ac",
  "group_sparsity_achieved": 19.999912806919642,
  "group_sparsity_requested": 20,
  "metric": "accuracy",
  "model_hf_id": "meta-llama/Llama-3.1-8B-Instruct",
  "model_name": "llama31_8b_instruct",
  "num_correct": 3274,
  "num_groups_pruned": 91750,
  "num_groups_total": 458752,
  "num_nonzero_target_params": 5851897856,
  "num_samples": 14042,
  "num_total_target_params": 6979321856,
  "per_subject_accuracy": {
    "abstract_algebra": 0.21,
    "anatomy": 0.2074074074074074,
    "astronomy": 0.19736842105263158,
    "business_ethics": 0.28,
    "clinical_knowledge": 0.22264150943396227,
    "college_biology": 0.24305555555555555,
    "college_chemistry": 0.21,
    "college_computer_science": 0.24,
    "college_mathematics": 0.25,
    "college_medicine": 0.20809248554913296,
    "college_physics": 0.22549019607843138,
    "computer_security": 0.32,
    "conceptual_physics": 0.251063829787234,
    "econometrics": 0.21929824561403508,
    "electrical_engineering": 0.21379310344827587,
    "elementary_mathematics": 0.20899470899470898,
    "formal_logic": 0.2619047619047619,
    "global_facts": 0.13,
    "high_school_biology": 0.2032258064516129,
    "high_school_chemistry": 0.18719211822660098,
    "high_school_computer_science": 0.25,
    "high_school_european_history": 0.21818181818181817,
    "high_school_geography": 0.18181818181818182,
    "high_school_government_and_politics": 0.24870466321243523,
    "high_school_macroeconomics": 0.2282051282051282,
    "high_school_mathematics": 0.21851851851851853,
    "high_school_microeconomics": 0.20588235294117646,
    "high_school_physics": 0.2119205298013245,
    "high_school_psychology": 0.20733944954128442,
    "high_school_statistics": 0.16203703703703703,
    "high_school_us_history": 0.25,
    "high_school_world_history": 0.26582278481012656,
    "human_aging": 0.273542600896861,
    "human_sexuality": 0.2824427480916031,
    "international_law": 0.24793388429752067,
    "jurisprudence": 0.28703703703703703,
    "logical_fallacies": 0.22699386503067484,
    "machine_learning": 0.2767857142857143,
    "management": 0.1553398058252427,
    "marketing": 0.2863247863247863,
    "medical_genetics": 0.32,
    "miscellaneous": 0.25925925925925924,
    "moral_disputes": 0.2398843930635838,
    "moral_scenarios": 0.25027932960893856,
    "nutrition": 0.22549019607843138,
    "philosophy": 0.19292604501607716,
    "prehistory": 0.21296296296296297,
    "professional_accounting": 0.23404255319148937,
    "professional_law": 0.2457627118644068,
    "professional_medicine": 0.18382352941176472,
    "professional_psychology": 0.25,
    "public_relations": 0.2,
    "security_studies": 0.1836734693877551,
    "sociology": 0.25870646766169153,
    "us_foreign_policy": 0.27,
    "virology": 0.26506024096385544,
    "world_religions": 0.28654970760233917
  },
  "platform": "Linux-4.18.0-553.89.1.el8_10.x86_64-x86_64-with-glibc2.28",
  "pruning_method": "global_magnitude_structured",
  "pruning_structure": "mlp_channel",
  "python": "3.12.11",
  "seed": 42,
  "sparsity_achieved": 16.153775728665863,
  "sparsity_requested": 20,
  "split": "test",
  "timestamp": "2026-04-18T10:19:36.643491+00:00",
  "torch": "2.9.1+cu128",
  "transformers": "5.1.0"
}
