{
  "cloud_provider": "",
  "codecarbon_version": "3.2.2",
  "country_name": "Canada",
  "cpu_power_w": 64.41926942801412,
  "duration_s": 1346.5908186715096,
  "emissions_kg_co2": 0.09587330274965239,
  "energy_consumed_kwh": 0.15274359074541854,
  "gpu_power_w": 301.81198880939826,
  "ram_power_w": 46.0
}
