{
  "accuracy": 0.24312775957840763,
  "cuda_available": true,
  "cuda_device_count": 1,
  "dataset": "cais/mmlu",
  "datasets": "4.5.0",
  "emissions_kg_co2": 0.09587330274965239,
  "git_commit": "ef942e1edecc0078e334bf4645d75647363a38ac",
  "metric": "accuracy",
  "model_hf_id": "Qwen/Qwen3-8B",
  "model_name": "qwen3_8b",
  "nm_block_dim": 1,
  "nm_m": 4,
  "nm_n": 2,
  "nm_pattern": "2:4",
  "nm_sparsity_achieved": 50.0,
  "nm_sparsity_requested": 50.0,
  "num_correct": 3414,
  "num_nm_blocks_total": 1736441856,
  "num_nm_complete_blocks": 1736441856,
  "num_nm_remainder_weights": 0,
  "num_nonzero_target_params": 3472883712,
  "num_samples": 14042,
  "num_total_target_params": 6945767424,
  "parameter_sparsity_achieved": 50.0,
  "per_subject_accuracy": {
    "abstract_algebra": 0.24,
    "anatomy": 0.2518518518518518,
    "astronomy": 0.25,
    "business_ethics": 0.32,
    "clinical_knowledge": 0.25660377358490566,
    "college_biology": 0.3194444444444444,
    "college_chemistry": 0.29,
    "college_computer_science": 0.2,
    "college_mathematics": 0.26,
    "college_medicine": 0.23699421965317918,
    "college_physics": 0.20588235294117646,
    "computer_security": 0.36,
    "conceptual_physics": 0.2978723404255319,
    "econometrics": 0.20175438596491227,
    "electrical_engineering": 0.2620689655172414,
    "elementary_mathematics": 0.23809523809523808,
    "formal_logic": 0.2619047619047619,
    "global_facts": 0.29,
    "high_school_biology": 0.25806451612903225,
    "high_school_chemistry": 0.2413793103448276,
    "high_school_computer_science": 0.23,
    "high_school_european_history": 0.26666666666666666,
    "high_school_geography": 0.1717171717171717,
    "high_school_government_and_politics": 0.21761658031088082,
    "high_school_macroeconomics": 0.24871794871794872,
    "high_school_mathematics": 0.23703703703703705,
    "high_school_microeconomics": 0.22268907563025211,
    "high_school_physics": 0.1456953642384106,
    "high_school_psychology": 0.2036697247706422,
    "high_school_statistics": 0.27314814814814814,
    "high_school_us_history": 0.3088235294117647,
    "high_school_world_history": 0.2489451476793249,
    "human_aging": 0.28699551569506726,
    "human_sexuality": 0.26717557251908397,
    "international_law": 0.24793388429752067,
    "jurisprudence": 0.24074074074074073,
    "logical_fallacies": 0.22699386503067484,
    "machine_learning": 0.29464285714285715,
    "management": 0.23300970873786409,
    "marketing": 0.2606837606837607,
    "medical_genetics": 0.22,
    "miscellaneous": 0.23499361430395913,
    "moral_disputes": 0.23699421965317918,
    "moral_scenarios": 0.2335195530726257,
    "nutrition": 0.21241830065359477,
    "philosophy": 0.2315112540192926,
    "prehistory": 0.2839506172839506,
    "professional_accounting": 0.23404255319148937,
    "professional_law": 0.24771838331160365,
    "professional_medicine": 0.20955882352941177,
    "professional_psychology": 0.25326797385620914,
    "public_relations": 0.24545454545454545,
    "security_studies": 0.17142857142857143,
    "sociology": 0.21890547263681592,
    "us_foreign_policy": 0.26,
    "virology": 0.24096385542168675,
    "world_religions": 0.25146198830409355
  },
  "platform": "Linux-4.18.0-553.89.1.el8_10.x86_64-x86_64-with-glibc2.28",
  "pruning_method": "global_magnitude_semi_structured",
  "pruning_structure": "nm_2_4",
  "python": "3.12.11",
  "seed": 42,
  "sparsity_achieved": 50.0,
  "sparsity_requested": 50,
  "split": "test",
  "timestamp": "2026-04-18T14:29:45.084548+00:00",
  "torch": "2.9.1+cu128",
  "transformers": "5.1.0"
}
