{
  "accuracy": 0.23871243412619286,
  "cuda_available": true,
  "cuda_device_count": 1,
  "dataset": "cais/mmlu",
  "datasets": "4.5.0",
  "emissions_kg_co2": 0.08016791718810426,
  "git_commit": "ef942e1edecc0078e334bf4645d75647363a38ac",
  "group_sparsity_achieved": 29.999909577546298,
  "group_sparsity_requested": 30,
  "metric": "accuracy",
  "model_hf_id": "Qwen/Qwen3-8B",
  "model_name": "qwen3_8b",
  "num_correct": 3352,
  "num_groups_pruned": 132710,
  "num_groups_total": 442368,
  "num_nonzero_target_params": 5315026944,
  "num_samples": 14042,
  "num_total_target_params": 6945767424,
  "per_subject_accuracy": {
    "abstract_algebra": 0.25,
    "anatomy": 0.2,
    "astronomy": 0.21052631578947367,
    "business_ethics": 0.28,
    "clinical_knowledge": 0.23773584905660378,
    "college_biology": 0.3472222222222222,
    "college_chemistry": 0.28,
    "college_computer_science": 0.34,
    "college_mathematics": 0.18,
    "college_medicine": 0.2254335260115607,
    "college_physics": 0.20588235294117646,
    "computer_security": 0.33,
    "conceptual_physics": 0.2680851063829787,
    "econometrics": 0.22807017543859648,
    "electrical_engineering": 0.2413793103448276,
    "elementary_mathematics": 0.23015873015873015,
    "formal_logic": 0.21428571428571427,
    "global_facts": 0.25,
    "high_school_biology": 0.22258064516129034,
    "high_school_chemistry": 0.21674876847290642,
    "high_school_computer_science": 0.22,
    "high_school_european_history": 0.22424242424242424,
    "high_school_geography": 0.17676767676767677,
    "high_school_government_and_politics": 0.2538860103626943,
    "high_school_macroeconomics": 0.21794871794871795,
    "high_school_mathematics": 0.2037037037037037,
    "high_school_microeconomics": 0.226890756302521,
    "high_school_physics": 0.24503311258278146,
    "high_school_psychology": 0.22385321100917432,
    "high_school_statistics": 0.17592592592592593,
    "high_school_us_history": 0.24509803921568626,
    "high_school_world_history": 0.2911392405063291,
    "human_aging": 0.2645739910313901,
    "human_sexuality": 0.25190839694656486,
    "international_law": 0.19834710743801653,
    "jurisprudence": 0.28703703703703703,
    "logical_fallacies": 0.2147239263803681,
    "machine_learning": 0.29464285714285715,
    "management": 0.22330097087378642,
    "marketing": 0.23931623931623933,
    "medical_genetics": 0.25,
    "miscellaneous": 0.23627075351213284,
    "moral_disputes": 0.2138728323699422,
    "moral_scenarios": 0.24581005586592178,
    "nutrition": 0.21895424836601307,
    "philosophy": 0.22186495176848875,
    "prehistory": 0.2191358024691358,
    "professional_accounting": 0.22340425531914893,
    "professional_law": 0.24837027379400262,
    "professional_medicine": 0.17647058823529413,
    "professional_psychology": 0.25980392156862747,
    "public_relations": 0.2,
    "security_studies": 0.2571428571428571,
    "sociology": 0.31343283582089554,
    "us_foreign_policy": 0.27,
    "virology": 0.30120481927710846,
    "world_religions": 0.2573099415204678
  },
  "platform": "Linux-4.18.0-553.89.1.el8_10.x86_64-x86_64-with-glibc2.28",
  "pruning_method": "global_magnitude_structured",
  "pruning_structure": "mlp_channel",
  "python": "3.12.11",
  "seed": 42,
  "sparsity_achieved": 23.478190104166664,
  "sparsity_requested": 30,
  "split": "test",
  "timestamp": "2026-04-18T10:19:36.643491+00:00",
  "torch": "2.9.1+cu128",
  "transformers": "5.1.0"
}
