{
  "accuracy": 0.23486682808716708,
  "cuda_available": true,
  "cuda_device_count": 1,
  "dataset": "cais/mmlu",
  "datasets": "4.5.0",
  "emissions_kg_co2": 0.07979295594369402,
  "git_commit": "ef942e1edecc0078e334bf4645d75647363a38ac",
  "group_sparsity_achieved": 39.999954788773145,
  "group_sparsity_requested": 40,
  "metric": "accuracy",
  "model_hf_id": "Qwen/Qwen3-8B",
  "model_name": "qwen3_8b",
  "num_correct": 3298,
  "num_groups_pruned": 176947,
  "num_groups_total": 442368,
  "num_nonzero_target_params": 4771442688,
  "num_samples": 14042,
  "num_total_target_params": 6945767424,
  "per_subject_accuracy": {
    "abstract_algebra": 0.22,
    "anatomy": 0.18518518518518517,
    "astronomy": 0.23026315789473684,
    "business_ethics": 0.22,
    "clinical_knowledge": 0.24528301886792453,
    "college_biology": 0.25,
    "college_chemistry": 0.18,
    "college_computer_science": 0.21,
    "college_mathematics": 0.22,
    "college_medicine": 0.23121387283236994,
    "college_physics": 0.17647058823529413,
    "computer_security": 0.31,
    "conceptual_physics": 0.20425531914893616,
    "econometrics": 0.24561403508771928,
    "electrical_engineering": 0.2413793103448276,
    "elementary_mathematics": 0.24338624338624337,
    "formal_logic": 0.23809523809523808,
    "global_facts": 0.21,
    "high_school_biology": 0.1935483870967742,
    "high_school_chemistry": 0.20689655172413793,
    "high_school_computer_science": 0.23,
    "high_school_european_history": 0.23636363636363636,
    "high_school_geography": 0.16161616161616163,
    "high_school_government_and_politics": 0.20725388601036268,
    "high_school_macroeconomics": 0.24358974358974358,
    "high_school_mathematics": 0.2,
    "high_school_microeconomics": 0.2184873949579832,
    "high_school_physics": 0.17218543046357615,
    "high_school_psychology": 0.24220183486238533,
    "high_school_statistics": 0.14814814814814814,
    "high_school_us_history": 0.25,
    "high_school_world_history": 0.25738396624472576,
    "human_aging": 0.30493273542600896,
    "human_sexuality": 0.2824427480916031,
    "international_law": 0.2066115702479339,
    "jurisprudence": 0.32407407407407407,
    "logical_fallacies": 0.19631901840490798,
    "machine_learning": 0.22321428571428573,
    "management": 0.22330097087378642,
    "marketing": 0.2564102564102564,
    "medical_genetics": 0.28,
    "miscellaneous": 0.2707535121328225,
    "moral_disputes": 0.25722543352601157,
    "moral_scenarios": 0.23910614525139665,
    "nutrition": 0.27124183006535946,
    "philosophy": 0.21864951768488747,
    "prehistory": 0.24074074074074073,
    "professional_accounting": 0.2127659574468085,
    "professional_law": 0.242503259452412,
    "professional_medicine": 0.1801470588235294,
    "professional_psychology": 0.23529411764705882,
    "public_relations": 0.2818181818181818,
    "security_studies": 0.2,
    "sociology": 0.25870646766169153,
    "us_foreign_policy": 0.21,
    "virology": 0.21686746987951808,
    "world_religions": 0.34502923976608185
  },
  "platform": "Linux-4.18.0-553.89.1.el8_10.x86_64-x86_64-with-glibc2.28",
  "pruning_method": "global_magnitude_structured",
  "pruning_structure": "mlp_channel",
  "python": "3.12.11",
  "seed": 42,
  "sparsity_achieved": 31.304312443387683,
  "sparsity_requested": 40,
  "split": "test",
  "timestamp": "2026-04-18T10:19:36.643491+00:00",
  "torch": "2.9.1+cu128",
  "transformers": "5.1.0"
}
