{
  "accuracy": 0.2723258795043441,
  "cuda_available": true,
  "cuda_device_count": 1,
  "dataset": "cais/mmlu",
  "datasets": "4.5.0",
  "emissions_kg_co2": 0.09924967152885274,
  "git_commit": "0615d9fbbefa8cbd64310c83c4ef76934b8d0841",
  "metric": "accuracy",
  "model_hf_id": "Qwen/Qwen3-8B",
  "model_name": "qwen3_8b",
  "num_correct": 3824,
  "num_nonzero_target_params": 3472883712,
  "num_samples": 14042,
  "num_total_target_params": 6945767424,
  "per_subject_accuracy": {
    "abstract_algebra": 0.25,
    "anatomy": 0.3333333333333333,
    "astronomy": 0.24342105263157895,
    "business_ethics": 0.34,
    "clinical_knowledge": 0.2641509433962264,
    "college_biology": 0.2916666666666667,
    "college_chemistry": 0.23,
    "college_computer_science": 0.36,
    "college_mathematics": 0.18,
    "college_medicine": 0.21965317919075145,
    "college_physics": 0.28431372549019607,
    "computer_security": 0.3,
    "conceptual_physics": 0.2851063829787234,
    "econometrics": 0.21929824561403508,
    "electrical_engineering": 0.2827586206896552,
    "elementary_mathematics": 0.2275132275132275,
    "formal_logic": 0.20634920634920634,
    "global_facts": 0.21,
    "high_school_biology": 0.2903225806451613,
    "high_school_chemistry": 0.24630541871921183,
    "high_school_computer_science": 0.33,
    "high_school_european_history": 0.3090909090909091,
    "high_school_geography": 0.29797979797979796,
    "high_school_government_and_politics": 0.31088082901554404,
    "high_school_macroeconomics": 0.30512820512820515,
    "high_school_mathematics": 0.2222222222222222,
    "high_school_microeconomics": 0.29411764705882354,
    "high_school_physics": 0.18543046357615894,
    "high_school_psychology": 0.3504587155963303,
    "high_school_statistics": 0.3101851851851852,
    "high_school_us_history": 0.30392156862745096,
    "high_school_world_history": 0.2616033755274262,
    "human_aging": 0.29596412556053814,
    "human_sexuality": 0.31297709923664124,
    "international_law": 0.2396694214876033,
    "jurisprudence": 0.25925925925925924,
    "logical_fallacies": 0.22085889570552147,
    "machine_learning": 0.25,
    "management": 0.24271844660194175,
    "marketing": 0.36752136752136755,
    "medical_genetics": 0.34,
    "miscellaneous": 0.2796934865900383,
    "moral_disputes": 0.25722543352601157,
    "moral_scenarios": 0.22905027932960895,
    "nutrition": 0.2777777777777778,
    "philosophy": 0.29260450160771706,
    "prehistory": 0.2623456790123457,
    "professional_accounting": 0.26595744680851063,
    "professional_law": 0.2503259452411995,
    "professional_medicine": 0.24632352941176472,
    "professional_psychology": 0.25980392156862747,
    "public_relations": 0.2909090909090909,
    "security_studies": 0.2938775510204082,
    "sociology": 0.27860696517412936,
    "us_foreign_policy": 0.25,
    "virology": 0.3192771084337349,
    "world_religions": 0.34502923976608185
  },
  "platform": "Linux-4.18.0-553.89.1.el8_10.x86_64-x86_64-with-glibc2.28",
  "python": "3.12.11",
  "seed": 42,
  "sparsity_achieved": 50.0,
  "sparsity_requested": 50,
  "split": "test",
  "timestamp": "2026-04-17T08:48:51.083151+00:00",
  "torch": "2.9.1+cu128",
  "transformers": "5.1.0"
}
