{
  "accuracy": 0.7155675829653896,
  "cuda_available": true,
  "cuda_device_count": 1,
  "dataset": "cais/mmlu",
  "datasets": "4.5.0",
  "emissions_kg_co2": 0.10774887508558409,
  "git_commit": "ef942e1edecc0078e334bf4645d75647363a38ac",
  "metric": "accuracy",
  "model_hf_id": "Qwen/Qwen3-8B",
  "model_name": "qwen3_8b",
  "nm_block_dim": 1,
  "nm_m": 8,
  "nm_n": 4,
  "nm_pattern": "4:8",
  "nm_sparsity_achieved": 0.0,
  "nm_sparsity_requested": 50.0,
  "num_correct": 10048,
  "num_nm_blocks_total": 0,
  "num_nm_complete_blocks": 0,
  "num_nm_remainder_weights": 0,
  "num_nonzero_target_params": 6945767424,
  "num_samples": 14042,
  "num_total_target_params": 6945767424,
  "parameter_sparsity_achieved": 0.0,
  "per_subject_accuracy": {
    "abstract_algebra": 0.57,
    "anatomy": 0.6962962962962963,
    "astronomy": 0.875,
    "business_ethics": 0.77,
    "clinical_knowledge": 0.7886792452830189,
    "college_biology": 0.8541666666666666,
    "college_chemistry": 0.55,
    "college_computer_science": 0.72,
    "college_mathematics": 0.56,
    "college_medicine": 0.7514450867052023,
    "college_physics": 0.5490196078431373,
    "computer_security": 0.88,
    "conceptual_physics": 0.8085106382978723,
    "econometrics": 0.6140350877192983,
    "electrical_engineering": 0.7172413793103448,
    "elementary_mathematics": 0.7037037037037037,
    "formal_logic": 0.626984126984127,
    "global_facts": 0.37,
    "high_school_biology": 0.8870967741935484,
    "high_school_chemistry": 0.7389162561576355,
    "high_school_computer_science": 0.84,
    "high_school_european_history": 0.8424242424242424,
    "high_school_geography": 0.8636363636363636,
    "high_school_government_and_politics": 0.9067357512953368,
    "high_school_macroeconomics": 0.764102564102564,
    "high_school_mathematics": 0.5111111111111111,
    "high_school_microeconomics": 0.8865546218487395,
    "high_school_physics": 0.7152317880794702,
    "high_school_psychology": 0.8899082568807339,
    "high_school_statistics": 0.7222222222222222,
    "high_school_us_history": 0.8676470588235294,
    "high_school_world_history": 0.869198312236287,
    "human_aging": 0.726457399103139,
    "human_sexuality": 0.7862595419847328,
    "international_law": 0.7768595041322314,
    "jurisprudence": 0.8055555555555556,
    "logical_fallacies": 0.8404907975460123,
    "machine_learning": 0.5982142857142857,
    "management": 0.8737864077669902,
    "marketing": 0.9273504273504274,
    "medical_genetics": 0.87,
    "miscellaneous": 0.8441890166028098,
    "moral_disputes": 0.7167630057803468,
    "moral_scenarios": 0.39776536312849164,
    "nutrition": 0.761437908496732,
    "philosophy": 0.707395498392283,
    "prehistory": 0.8055555555555556,
    "professional_accounting": 0.5602836879432624,
    "professional_law": 0.5123859191655802,
    "professional_medicine": 0.8088235294117647,
    "professional_psychology": 0.7320261437908496,
    "public_relations": 0.6545454545454545,
    "security_studies": 0.7510204081632653,
    "sociology": 0.845771144278607,
    "us_foreign_policy": 0.86,
    "virology": 0.5240963855421686,
    "world_religions": 0.847953216374269
  },
  "platform": "Linux-4.18.0-553.89.1.el8_10.x86_64-x86_64-with-glibc2.28",
  "pruning_method": "global_magnitude_semi_structured",
  "pruning_structure": "nm_4_8",
  "python": "3.12.11",
  "seed": 42,
  "sparsity_achieved": 0.0,
  "sparsity_requested": 0,
  "split": "test",
  "timestamp": "2026-04-18T14:29:45.817326+00:00",
  "torch": "2.9.1+cu128",
  "transformers": "5.1.0"
}
