{
  "accuracy": 0.2444096282580829,
  "cuda_available": true,
  "cuda_device_count": 1,
  "dataset": "cais/mmlu",
  "datasets": "4.5.0",
  "emissions_kg_co2": 0.09567398468792163,
  "git_commit": "0615d9fbbefa8cbd64310c83c4ef76934b8d0841",
  "metric": "accuracy",
  "model_hf_id": "Qwen/Qwen3-8B",
  "model_name": "qwen3_8b",
  "num_correct": 3432,
  "num_nonzero_target_params": 1389153485,
  "num_samples": 14042,
  "num_total_target_params": 6945767424,
  "per_subject_accuracy": {
    "abstract_algebra": 0.23,
    "anatomy": 0.2222222222222222,
    "astronomy": 0.20394736842105263,
    "business_ethics": 0.29,
    "clinical_knowledge": 0.26037735849056604,
    "college_biology": 0.22916666666666666,
    "college_chemistry": 0.27,
    "college_computer_science": 0.21,
    "college_mathematics": 0.37,
    "college_medicine": 0.23121387283236994,
    "college_physics": 0.22549019607843138,
    "computer_security": 0.28,
    "conceptual_physics": 0.2680851063829787,
    "econometrics": 0.23684210526315788,
    "electrical_engineering": 0.1793103448275862,
    "elementary_mathematics": 0.2777777777777778,
    "formal_logic": 0.24603174603174602,
    "global_facts": 0.26,
    "high_school_biology": 0.25806451612903225,
    "high_school_chemistry": 0.18719211822660098,
    "high_school_computer_science": 0.22,
    "high_school_european_history": 0.2,
    "high_school_geography": 0.23232323232323232,
    "high_school_government_and_politics": 0.2694300518134715,
    "high_school_macroeconomics": 0.2564102564102564,
    "high_school_mathematics": 0.2518518518518518,
    "high_school_microeconomics": 0.24789915966386555,
    "high_school_physics": 0.26490066225165565,
    "high_school_psychology": 0.21651376146788992,
    "high_school_statistics": 0.26851851851851855,
    "high_school_us_history": 0.24509803921568626,
    "high_school_world_history": 0.2489451476793249,
    "human_aging": 0.23766816143497757,
    "human_sexuality": 0.3053435114503817,
    "international_law": 0.2231404958677686,
    "jurisprudence": 0.24074074074074073,
    "logical_fallacies": 0.26380368098159507,
    "machine_learning": 0.2857142857142857,
    "management": 0.2621359223300971,
    "marketing": 0.28205128205128205,
    "medical_genetics": 0.26,
    "miscellaneous": 0.24904214559386972,
    "moral_disputes": 0.2658959537572254,
    "moral_scenarios": 0.24022346368715083,
    "nutrition": 0.25163398692810457,
    "philosophy": 0.22186495176848875,
    "prehistory": 0.1882716049382716,
    "professional_accounting": 0.24468085106382978,
    "professional_law": 0.24641460234680573,
    "professional_medicine": 0.22794117647058823,
    "professional_psychology": 0.23039215686274508,
    "public_relations": 0.23636363636363636,
    "security_studies": 0.22448979591836735,
    "sociology": 0.2736318407960199,
    "us_foreign_policy": 0.21,
    "virology": 0.24096385542168675,
    "world_religions": 0.2573099415204678
  },
  "platform": "Linux-4.18.0-553.89.1.el8_10.x86_64-x86_64-with-glibc2.28",
  "python": "3.12.11",
  "seed": 42,
  "sparsity_achieved": 79.99999999712055,
  "sparsity_requested": 80,
  "split": "test",
  "timestamp": "2026-04-17T08:48:51.083151+00:00",
  "torch": "2.9.1+cu128",
  "transformers": "5.1.0"
}
