{
  "accuracy": 0.6618715282723259,
  "cuda_available": true,
  "cuda_device_count": 1,
  "dataset": "cais/mmlu",
  "datasets": "4.5.0",
  "emissions_kg_co2": 0.1140296883410698,
  "git_commit": "0615d9fbbefa8cbd64310c83c4ef76934b8d0841",
  "metric": "accuracy",
  "model_hf_id": "Qwen/Qwen3-8B",
  "model_name": "qwen3_8b",
  "num_correct": 9294,
  "num_nonzero_target_params": 4862037197,
  "num_samples": 14042,
  "num_total_target_params": 6945767424,
  "per_subject_accuracy": {
    "abstract_algebra": 0.49,
    "anatomy": 0.6888888888888889,
    "astronomy": 0.8421052631578947,
    "business_ethics": 0.72,
    "clinical_knowledge": 0.7547169811320755,
    "college_biology": 0.8263888888888888,
    "college_chemistry": 0.48,
    "college_computer_science": 0.62,
    "college_mathematics": 0.51,
    "college_medicine": 0.7167630057803468,
    "college_physics": 0.5490196078431373,
    "computer_security": 0.77,
    "conceptual_physics": 0.723404255319149,
    "econometrics": 0.6052631578947368,
    "electrical_engineering": 0.6551724137931034,
    "elementary_mathematics": 0.6587301587301587,
    "formal_logic": 0.5317460317460317,
    "global_facts": 0.37,
    "high_school_biology": 0.8612903225806452,
    "high_school_chemistry": 0.6896551724137931,
    "high_school_computer_science": 0.8,
    "high_school_european_history": 0.7818181818181819,
    "high_school_geography": 0.8080808080808081,
    "high_school_government_and_politics": 0.8238341968911918,
    "high_school_macroeconomics": 0.6923076923076923,
    "high_school_mathematics": 0.4666666666666667,
    "high_school_microeconomics": 0.8151260504201681,
    "high_school_physics": 0.6490066225165563,
    "high_school_psychology": 0.8495412844036697,
    "high_school_statistics": 0.6759259259259259,
    "high_school_us_history": 0.7843137254901961,
    "high_school_world_history": 0.8312236286919831,
    "human_aging": 0.6771300448430493,
    "human_sexuality": 0.8244274809160306,
    "international_law": 0.7520661157024794,
    "jurisprudence": 0.6944444444444444,
    "logical_fallacies": 0.754601226993865,
    "machine_learning": 0.48214285714285715,
    "management": 0.8543689320388349,
    "marketing": 0.8931623931623932,
    "medical_genetics": 0.77,
    "miscellaneous": 0.7918263090676884,
    "moral_disputes": 0.6878612716763006,
    "moral_scenarios": 0.2759776536312849,
    "nutrition": 0.738562091503268,
    "philosophy": 0.6591639871382636,
    "prehistory": 0.7345679012345679,
    "professional_accounting": 0.5035460992907801,
    "professional_law": 0.4661016949152542,
    "professional_medicine": 0.7426470588235294,
    "professional_psychology": 0.6813725490196079,
    "public_relations": 0.6545454545454545,
    "security_studies": 0.7224489795918367,
    "sociology": 0.835820895522388,
    "us_foreign_policy": 0.78,
    "virology": 0.4939759036144578,
    "world_religions": 0.7953216374269005
  },
  "platform": "Linux-4.18.0-553.89.1.el8_10.x86_64-x86_64-with-glibc2.28",
  "python": "3.12.11",
  "seed": 42,
  "sparsity_achieved": 29.999999997120554,
  "sparsity_requested": 30,
  "split": "test",
  "timestamp": "2026-04-17T08:48:51.083151+00:00",
  "torch": "2.9.1+cu128",
  "transformers": "5.1.0"
}
