{
  "accuracy": 0.7159236575986326,
  "cuda_available": true,
  "cuda_device_count": 1,
  "dataset": "cais/mmlu",
  "datasets": "4.5.0",
  "emissions_kg_co2": 0.08151372915572497,
  "git_commit": "ef942e1edecc0078e334bf4645d75647363a38ac",
  "group_sparsity_achieved": 0.0,
  "group_sparsity_requested": 0,
  "metric": "accuracy",
  "model_hf_id": "Qwen/Qwen3-8B",
  "model_name": "qwen3_8b",
  "num_correct": 10053,
  "num_groups_pruned": 0,
  "num_groups_total": 442368,
  "num_nonzero_target_params": 6945767424,
  "num_samples": 14042,
  "num_total_target_params": 6945767424,
  "per_subject_accuracy": {
    "abstract_algebra": 0.57,
    "anatomy": 0.6888888888888889,
    "astronomy": 0.875,
    "business_ethics": 0.75,
    "clinical_knowledge": 0.7849056603773585,
    "college_biology": 0.8611111111111112,
    "college_chemistry": 0.56,
    "college_computer_science": 0.72,
    "college_mathematics": 0.55,
    "college_medicine": 0.7514450867052023,
    "college_physics": 0.5490196078431373,
    "computer_security": 0.88,
    "conceptual_physics": 0.8085106382978723,
    "econometrics": 0.6228070175438597,
    "electrical_engineering": 0.7241379310344828,
    "elementary_mathematics": 0.701058201058201,
    "formal_logic": 0.626984126984127,
    "global_facts": 0.38,
    "high_school_biology": 0.8903225806451613,
    "high_school_chemistry": 0.7389162561576355,
    "high_school_computer_science": 0.84,
    "high_school_european_history": 0.8424242424242424,
    "high_school_geography": 0.8686868686868687,
    "high_school_government_and_politics": 0.9015544041450777,
    "high_school_macroeconomics": 0.7615384615384615,
    "high_school_mathematics": 0.4962962962962963,
    "high_school_microeconomics": 0.8907563025210085,
    "high_school_physics": 0.7218543046357616,
    "high_school_psychology": 0.8899082568807339,
    "high_school_statistics": 0.7268518518518519,
    "high_school_us_history": 0.8676470588235294,
    "high_school_world_history": 0.869198312236287,
    "human_aging": 0.726457399103139,
    "human_sexuality": 0.7862595419847328,
    "international_law": 0.7933884297520661,
    "jurisprudence": 0.8055555555555556,
    "logical_fallacies": 0.8466257668711656,
    "machine_learning": 0.5982142857142857,
    "management": 0.8737864077669902,
    "marketing": 0.9273504273504274,
    "medical_genetics": 0.87,
    "miscellaneous": 0.8454661558109834,
    "moral_disputes": 0.7196531791907514,
    "moral_scenarios": 0.39888268156424583,
    "nutrition": 0.7647058823529411,
    "philosophy": 0.7041800643086816,
    "prehistory": 0.8055555555555556,
    "professional_accounting": 0.5638297872340425,
    "professional_law": 0.5143415906127771,
    "professional_medicine": 0.8088235294117647,
    "professional_psychology": 0.7287581699346405,
    "public_relations": 0.6454545454545455,
    "security_studies": 0.7510204081632653,
    "sociology": 0.845771144278607,
    "us_foreign_policy": 0.86,
    "virology": 0.5240963855421686,
    "world_religions": 0.847953216374269
  },
  "platform": "Linux-4.18.0-553.89.1.el8_10.x86_64-x86_64-with-glibc2.28",
  "pruning_method": "global_magnitude_structured",
  "pruning_structure": "mlp_channel",
  "python": "3.12.11",
  "seed": 42,
  "sparsity_achieved": 0.0,
  "sparsity_requested": 0,
  "split": "test",
  "timestamp": "2026-04-18T10:19:36.643491+00:00",
  "torch": "2.9.1+cu128",
  "transformers": "5.1.0"
}
