best_accuracy,model_name,num_points,worst_accuracy
0.6533257370744908,llama31_8b_instruct,12,0.22945449366187154
0.7161373023785785,qwen3_8b,12,0.23137729668138443
