{
  "accuracy": 0.23557897735365332,
  "cuda_available": true,
  "cuda_device_count": 1,
  "dataset": "cais/mmlu",
  "datasets": "4.5.0",
  "emissions_kg_co2": 0.09888040442961739,
  "git_commit": "0615d9fbbefa8cbd64310c83c4ef76934b8d0841",
  "metric": "accuracy",
  "model_hf_id": "Qwen/Qwen3-8B",
  "model_name": "qwen3_8b",
  "num_correct": 3308,
  "num_nonzero_target_params": 2778306970,
  "num_samples": 14042,
  "num_total_target_params": 6945767424,
  "per_subject_accuracy": {
    "abstract_algebra": 0.26,
    "anatomy": 0.1925925925925926,
    "astronomy": 0.19736842105263158,
    "business_ethics": 0.28,
    "clinical_knowledge": 0.23773584905660378,
    "college_biology": 0.3055555555555556,
    "college_chemistry": 0.21,
    "college_computer_science": 0.24,
    "college_mathematics": 0.24,
    "college_medicine": 0.24277456647398843,
    "college_physics": 0.17647058823529413,
    "computer_security": 0.28,
    "conceptual_physics": 0.2127659574468085,
    "econometrics": 0.2894736842105263,
    "electrical_engineering": 0.2206896551724138,
    "elementary_mathematics": 0.20899470899470898,
    "formal_logic": 0.30158730158730157,
    "global_facts": 0.23,
    "high_school_biology": 0.19032258064516128,
    "high_school_chemistry": 0.17733990147783252,
    "high_school_computer_science": 0.25,
    "high_school_european_history": 0.24242424242424243,
    "high_school_geography": 0.1717171717171717,
    "high_school_government_and_politics": 0.17098445595854922,
    "high_school_macroeconomics": 0.2,
    "high_school_mathematics": 0.1814814814814815,
    "high_school_microeconomics": 0.19747899159663865,
    "high_school_physics": 0.1986754966887417,
    "high_school_psychology": 0.22018348623853212,
    "high_school_statistics": 0.18981481481481483,
    "high_school_us_history": 0.2647058823529412,
    "high_school_world_history": 0.270042194092827,
    "human_aging": 0.3094170403587444,
    "human_sexuality": 0.2595419847328244,
    "international_law": 0.2892561983471074,
    "jurisprudence": 0.28703703703703703,
    "logical_fallacies": 0.2085889570552147,
    "machine_learning": 0.2857142857142857,
    "management": 0.20388349514563106,
    "marketing": 0.3162393162393162,
    "medical_genetics": 0.25,
    "miscellaneous": 0.24265644955300128,
    "moral_disputes": 0.24566473988439305,
    "moral_scenarios": 0.24134078212290502,
    "nutrition": 0.24509803921568626,
    "philosophy": 0.2090032154340836,
    "prehistory": 0.24382716049382716,
    "professional_accounting": 0.26595744680851063,
    "professional_law": 0.2522816166883963,
    "professional_medicine": 0.1801470588235294,
    "professional_psychology": 0.25980392156862747,
    "public_relations": 0.24545454545454545,
    "security_studies": 0.20408163265306123,
    "sociology": 0.21890547263681592,
    "us_foreign_policy": 0.27,
    "virology": 0.2469879518072289,
    "world_religions": 0.2631578947368421
  },
  "platform": "Linux-4.18.0-553.89.1.el8_10.x86_64-x86_64-with-glibc2.28",
  "python": "3.12.11",
  "seed": 42,
  "sparsity_achieved": 59.99999999424111,
  "sparsity_requested": 60,
  "split": "test",
  "timestamp": "2026-04-17T08:48:51.083151+00:00",
  "torch": "2.9.1+cu128",
  "transformers": "5.1.0"
}
