{
  "accuracy": 0.25124626121635096,
  "cuda_available": true,
  "cuda_device_count": 1,
  "dataset": "cais/mmlu",
  "datasets": "4.5.0",
  "emissions_kg_co2": 0.09062809865679514,
  "git_commit": "0615d9fbbefa8cbd64310c83c4ef76934b8d0841",
  "metric": "accuracy",
  "model_hf_id": "meta-llama/Llama-3.1-8B-Instruct",
  "model_name": "llama31_8b_instruct",
  "num_correct": 3528,
  "num_nonzero_target_params": 348966093,
  "num_samples": 14042,
  "num_total_target_params": 6979321856,
  "per_subject_accuracy": {
    "abstract_algebra": 0.28,
    "anatomy": 0.22962962962962963,
    "astronomy": 0.28289473684210525,
    "business_ethics": 0.16,
    "clinical_knowledge": 0.21509433962264152,
    "college_biology": 0.2708333333333333,
    "college_chemistry": 0.17,
    "college_computer_science": 0.26,
    "college_mathematics": 0.29,
    "college_medicine": 0.2658959537572254,
    "college_physics": 0.18627450980392157,
    "computer_security": 0.26,
    "conceptual_physics": 0.23404255319148937,
    "econometrics": 0.22807017543859648,
    "electrical_engineering": 0.2689655172413793,
    "elementary_mathematics": 0.2830687830687831,
    "formal_logic": 0.15873015873015872,
    "global_facts": 0.32,
    "high_school_biology": 0.2064516129032258,
    "high_school_chemistry": 0.3054187192118227,
    "high_school_computer_science": 0.32,
    "high_school_european_history": 0.28484848484848485,
    "high_school_geography": 0.2222222222222222,
    "high_school_government_and_politics": 0.21243523316062177,
    "high_school_macroeconomics": 0.19487179487179487,
    "high_school_mathematics": 0.26296296296296295,
    "high_school_microeconomics": 0.19327731092436976,
    "high_school_physics": 0.271523178807947,
    "high_school_psychology": 0.20917431192660552,
    "high_school_statistics": 0.22685185185185186,
    "high_school_us_history": 0.2549019607843137,
    "high_school_world_history": 0.26582278481012656,
    "human_aging": 0.23766816143497757,
    "human_sexuality": 0.24427480916030533,
    "international_law": 0.35537190082644626,
    "jurisprudence": 0.25925925925925924,
    "logical_fallacies": 0.2822085889570552,
    "machine_learning": 0.30357142857142855,
    "management": 0.18446601941747573,
    "marketing": 0.2564102564102564,
    "medical_genetics": 0.25,
    "miscellaneous": 0.26053639846743293,
    "moral_disputes": 0.30057803468208094,
    "moral_scenarios": 0.2446927374301676,
    "nutrition": 0.24183006535947713,
    "philosophy": 0.2765273311897106,
    "prehistory": 0.2932098765432099,
    "professional_accounting": 0.2765957446808511,
    "professional_law": 0.2646675358539765,
    "professional_medicine": 0.16544117647058823,
    "professional_psychology": 0.27941176470588236,
    "public_relations": 0.20909090909090908,
    "security_studies": 0.24081632653061225,
    "sociology": 0.2537313432835821,
    "us_foreign_policy": 0.26,
    "virology": 0.22289156626506024,
    "world_religions": 0.30409356725146197
  },
  "platform": "Linux-4.18.0-553.89.1.el8_10.x86_64-x86_64-with-glibc2.28",
  "python": "3.12.11",
  "seed": 42,
  "sparsity_achieved": 94.99999999713438,
  "sparsity_requested": 95,
  "split": "test",
  "timestamp": "2026-04-17T08:48:51.083151+00:00",
  "torch": "2.9.1+cu128",
  "transformers": "5.1.0"
}
