{
  "accuracy": 0.6313915396667141,
  "cuda_available": true,
  "cuda_device_count": 1,
  "dataset": "cais/mmlu",
  "datasets": "4.5.0",
  "emissions_kg_co2": 0.10293844557901073,
  "git_commit": "0615d9fbbefa8cbd64310c83c4ef76934b8d0841",
  "metric": "accuracy",
  "model_hf_id": "meta-llama/Llama-3.1-8B-Instruct",
  "model_name": "llama31_8b_instruct",
  "num_correct": 8866,
  "num_nonzero_target_params": 5583457485,
  "num_samples": 14042,
  "num_total_target_params": 6979321856,
  "per_subject_accuracy": {
    "abstract_algebra": 0.31,
    "anatomy": 0.6814814814814815,
    "astronomy": 0.7368421052631579,
    "business_ethics": 0.65,
    "clinical_knowledge": 0.7358490566037735,
    "college_biology": 0.7708333333333334,
    "college_chemistry": 0.49,
    "college_computer_science": 0.49,
    "college_mathematics": 0.32,
    "college_medicine": 0.6589595375722543,
    "college_physics": 0.4215686274509804,
    "computer_security": 0.77,
    "conceptual_physics": 0.5829787234042553,
    "econometrics": 0.4649122807017544,
    "electrical_engineering": 0.5517241379310345,
    "elementary_mathematics": 0.4365079365079365,
    "formal_logic": 0.42857142857142855,
    "global_facts": 0.4,
    "high_school_biology": 0.7709677419354839,
    "high_school_chemistry": 0.6403940886699507,
    "high_school_computer_science": 0.67,
    "high_school_european_history": 0.7333333333333333,
    "high_school_geography": 0.8181818181818182,
    "high_school_government_and_politics": 0.8393782383419689,
    "high_school_macroeconomics": 0.6358974358974359,
    "high_school_mathematics": 0.34074074074074073,
    "high_school_microeconomics": 0.634453781512605,
    "high_school_physics": 0.40397350993377484,
    "high_school_psychology": 0.8495412844036697,
    "high_school_statistics": 0.4675925925925926,
    "high_school_us_history": 0.8333333333333334,
    "high_school_world_history": 0.8143459915611815,
    "human_aging": 0.6591928251121076,
    "human_sexuality": 0.7557251908396947,
    "international_law": 0.7355371900826446,
    "jurisprudence": 0.7222222222222222,
    "logical_fallacies": 0.6993865030674846,
    "machine_learning": 0.5892857142857143,
    "management": 0.8252427184466019,
    "marketing": 0.8675213675213675,
    "medical_genetics": 0.76,
    "miscellaneous": 0.8199233716475096,
    "moral_disputes": 0.638728323699422,
    "moral_scenarios": 0.38100558659217876,
    "nutrition": 0.7124183006535948,
    "philosophy": 0.6816720257234726,
    "prehistory": 0.7129629629629629,
    "professional_accounting": 0.46808510638297873,
    "professional_law": 0.4726205997392438,
    "professional_medicine": 0.7316176470588235,
    "professional_psychology": 0.6928104575163399,
    "public_relations": 0.6363636363636364,
    "security_studies": 0.673469387755102,
    "sociology": 0.7910447761194029,
    "us_foreign_policy": 0.88,
    "virology": 0.5180722891566265,
    "world_religions": 0.8011695906432749
  },
  "platform": "Linux-4.18.0-553.89.1.el8_10.x86_64-x86_64-with-glibc2.28",
  "python": "3.12.11",
  "seed": 42,
  "sparsity_achieved": 19.99999999713439,
  "sparsity_requested": 20,
  "split": "test",
  "timestamp": "2026-04-17T08:48:51.083151+00:00",
  "torch": "2.9.1+cu128",
  "transformers": "5.1.0"
}
