{
  "accuracy": 0.6479134026491953,
  "cuda_available": true,
  "cuda_device_count": 1,
  "dataset": "cais/mmlu",
  "datasets": "4.5.0",
  "emissions_kg_co2": 0.10179840606677841,
  "git_commit": "0615d9fbbefa8cbd64310c83c4ef76934b8d0841",
  "metric": "accuracy",
  "model_hf_id": "meta-llama/Llama-3.1-8B-Instruct",
  "model_name": "llama31_8b_instruct",
  "num_correct": 9098,
  "num_nonzero_target_params": 6281389671,
  "num_samples": 14042,
  "num_total_target_params": 6979321856,
  "per_subject_accuracy": {
    "abstract_algebra": 0.28,
    "anatomy": 0.6666666666666666,
    "astronomy": 0.7171052631578947,
    "business_ethics": 0.64,
    "clinical_knowledge": 0.7622641509433963,
    "college_biology": 0.7430555555555556,
    "college_chemistry": 0.41,
    "college_computer_science": 0.5,
    "college_mathematics": 0.29,
    "college_medicine": 0.6878612716763006,
    "college_physics": 0.46078431372549017,
    "computer_security": 0.74,
    "conceptual_physics": 0.6212765957446809,
    "econometrics": 0.4473684210526316,
    "electrical_engineering": 0.5310344827586206,
    "elementary_mathematics": 0.455026455026455,
    "formal_logic": 0.49206349206349204,
    "global_facts": 0.4,
    "high_school_biology": 0.7774193548387097,
    "high_school_chemistry": 0.5812807881773399,
    "high_school_computer_science": 0.72,
    "high_school_european_history": 0.7636363636363637,
    "high_school_geography": 0.803030303030303,
    "high_school_government_and_politics": 0.8652849740932642,
    "high_school_macroeconomics": 0.658974358974359,
    "high_school_mathematics": 0.35185185185185186,
    "high_school_microeconomics": 0.6974789915966386,
    "high_school_physics": 0.41721854304635764,
    "high_school_psychology": 0.8568807339449541,
    "high_school_statistics": 0.4675925925925926,
    "high_school_us_history": 0.8480392156862745,
    "high_school_world_history": 0.8396624472573839,
    "human_aging": 0.6816143497757847,
    "human_sexuality": 0.7480916030534351,
    "international_law": 0.7520661157024794,
    "jurisprudence": 0.7314814814814815,
    "logical_fallacies": 0.7177914110429447,
    "machine_learning": 0.5446428571428571,
    "management": 0.8058252427184466,
    "marketing": 0.8675213675213675,
    "medical_genetics": 0.75,
    "miscellaneous": 0.8173690932311622,
    "moral_disputes": 0.6416184971098265,
    "moral_scenarios": 0.4748603351955307,
    "nutrition": 0.7647058823529411,
    "philosophy": 0.6816720257234726,
    "prehistory": 0.7037037037037037,
    "professional_accounting": 0.5141843971631206,
    "professional_law": 0.48565840938722293,
    "professional_medicine": 0.8014705882352942,
    "professional_psychology": 0.7140522875816994,
    "public_relations": 0.6363636363636364,
    "security_studies": 0.7142857142857143,
    "sociology": 0.8059701492537313,
    "us_foreign_policy": 0.91,
    "virology": 0.5120481927710844,
    "world_religions": 0.8070175438596491
  },
  "platform": "Linux-4.18.0-553.89.1.el8_10.x86_64-x86_64-with-glibc2.28",
  "python": "3.12.11",
  "seed": 42,
  "sparsity_achieved": 9.999999991403175,
  "sparsity_requested": 10,
  "split": "test",
  "timestamp": "2026-04-17T08:48:51.083151+00:00",
  "torch": "2.9.1+cu128",
  "transformers": "5.1.0"
}
