{
  "accuracy": 0.23137729668138443,
  "cuda_available": true,
  "cuda_device_count": 1,
  "dataset": "cais/mmlu",
  "datasets": "4.5.0",
  "emissions_kg_co2": 0.09598867910212633,
  "git_commit": "0615d9fbbefa8cbd64310c83c4ef76934b8d0841",
  "metric": "accuracy",
  "model_hf_id": "Qwen/Qwen3-8B",
  "model_name": "qwen3_8b",
  "num_correct": 3249,
  "num_nonzero_target_params": 347288372,
  "num_samples": 14042,
  "num_total_target_params": 6945767424,
  "per_subject_accuracy": {
    "abstract_algebra": 0.22,
    "anatomy": 0.1925925925925926,
    "astronomy": 0.18421052631578946,
    "business_ethics": 0.23,
    "clinical_knowledge": 0.21509433962264152,
    "college_biology": 0.2638888888888889,
    "college_chemistry": 0.23,
    "college_computer_science": 0.24,
    "college_mathematics": 0.22,
    "college_medicine": 0.24277456647398843,
    "college_physics": 0.22549019607843138,
    "computer_security": 0.26,
    "conceptual_physics": 0.26382978723404255,
    "econometrics": 0.21052631578947367,
    "electrical_engineering": 0.2413793103448276,
    "elementary_mathematics": 0.21428571428571427,
    "formal_logic": 0.3412698412698413,
    "global_facts": 0.21,
    "high_school_biology": 0.17419354838709677,
    "high_school_chemistry": 0.1625615763546798,
    "high_school_computer_science": 0.25,
    "high_school_european_history": 0.21818181818181817,
    "high_school_geography": 0.16666666666666666,
    "high_school_government_and_politics": 0.19689119170984457,
    "high_school_macroeconomics": 0.20256410256410257,
    "high_school_mathematics": 0.22592592592592592,
    "high_school_microeconomics": 0.23529411764705882,
    "high_school_physics": 0.2052980132450331,
    "high_school_psychology": 0.1908256880733945,
    "high_school_statistics": 0.16203703703703703,
    "high_school_us_history": 0.25,
    "high_school_world_history": 0.26582278481012656,
    "human_aging": 0.3004484304932735,
    "human_sexuality": 0.26717557251908397,
    "international_law": 0.23140495867768596,
    "jurisprudence": 0.25925925925925924,
    "logical_fallacies": 0.20245398773006135,
    "machine_learning": 0.3125,
    "management": 0.17475728155339806,
    "marketing": 0.28205128205128205,
    "medical_genetics": 0.29,
    "miscellaneous": 0.23371647509578544,
    "moral_disputes": 0.25722543352601157,
    "moral_scenarios": 0.23798882681564246,
    "nutrition": 0.23529411764705882,
    "philosophy": 0.2282958199356913,
    "prehistory": 0.22839506172839505,
    "professional_accounting": 0.24468085106382978,
    "professional_law": 0.24511082138200782,
    "professional_medicine": 0.1875,
    "professional_psychology": 0.24509803921568626,
    "public_relations": 0.20909090909090908,
    "security_studies": 0.19183673469387755,
    "sociology": 0.25870646766169153,
    "us_foreign_policy": 0.25,
    "virology": 0.2710843373493976,
    "world_religions": 0.2982456140350877
  },
  "platform": "Linux-4.18.0-553.89.1.el8_10.x86_64-x86_64-with-glibc2.28",
  "python": "3.12.11",
  "seed": 42,
  "sparsity_achieved": 94.9999999884822,
  "sparsity_requested": 95,
  "split": "test",
  "timestamp": "2026-04-17T08:48:51.083151+00:00",
  "torch": "2.9.1+cu128",
  "transformers": "5.1.0"
}
