{
  "accuracy": 0.3461757584389688,
  "cuda_available": true,
  "cuda_device_count": 1,
  "dataset": "cais/mmlu",
  "datasets": "4.5.0",
  "emissions_kg_co2": 0.08211380554538847,
  "git_commit": "ef942e1edecc0078e334bf4645d75647363a38ac",
  "metric": "accuracy",
  "model_hf_id": "meta-llama/Llama-3.1-8B-Instruct",
  "model_name": "llama31_8b_instruct",
  "nm_block_dim": 1,
  "nm_m": 8,
  "nm_n": 4,
  "nm_pattern": "4:8",
  "nm_sparsity_achieved": 50.0,
  "nm_sparsity_requested": 50.0,
  "num_correct": 4861,
  "num_nm_blocks_total": 872415232,
  "num_nm_complete_blocks": 872415232,
  "num_nm_remainder_weights": 0,
  "num_nonzero_target_params": 3489660928,
  "num_samples": 14042,
  "num_total_target_params": 6979321856,
  "parameter_sparsity_achieved": 50.0,
  "per_subject_accuracy": {
    "abstract_algebra": 0.3,
    "anatomy": 0.3925925925925926,
    "astronomy": 0.4473684210526316,
    "business_ethics": 0.44,
    "clinical_knowledge": 0.4377358490566038,
    "college_biology": 0.3541666666666667,
    "college_chemistry": 0.18,
    "college_computer_science": 0.19,
    "college_mathematics": 0.22,
    "college_medicine": 0.3352601156069364,
    "college_physics": 0.2647058823529412,
    "computer_security": 0.48,
    "conceptual_physics": 0.33617021276595743,
    "econometrics": 0.3157894736842105,
    "electrical_engineering": 0.3793103448275862,
    "elementary_mathematics": 0.2830687830687831,
    "formal_logic": 0.23015873015873015,
    "global_facts": 0.29,
    "high_school_biology": 0.4290322580645161,
    "high_school_chemistry": 0.31527093596059114,
    "high_school_computer_science": 0.35,
    "high_school_european_history": 0.296969696969697,
    "high_school_geography": 0.5,
    "high_school_government_and_politics": 0.39378238341968913,
    "high_school_macroeconomics": 0.28717948717948716,
    "high_school_mathematics": 0.2851851851851852,
    "high_school_microeconomics": 0.3025210084033613,
    "high_school_physics": 0.2913907284768212,
    "high_school_psychology": 0.47522935779816516,
    "high_school_statistics": 0.2361111111111111,
    "high_school_us_history": 0.27941176470588236,
    "high_school_world_history": 0.2911392405063291,
    "human_aging": 0.3991031390134529,
    "human_sexuality": 0.366412213740458,
    "international_law": 0.4628099173553719,
    "jurisprudence": 0.4166666666666667,
    "logical_fallacies": 0.3374233128834356,
    "machine_learning": 0.23214285714285715,
    "management": 0.5242718446601942,
    "marketing": 0.49145299145299143,
    "medical_genetics": 0.42,
    "miscellaneous": 0.48531289910600256,
    "moral_disputes": 0.3092485549132948,
    "moral_scenarios": 0.23910614525139665,
    "nutrition": 0.34967320261437906,
    "philosophy": 0.3665594855305466,
    "prehistory": 0.43209876543209874,
    "professional_accounting": 0.3049645390070922,
    "professional_law": 0.27053455019556716,
    "professional_medicine": 0.25,
    "professional_psychology": 0.35130718954248363,
    "public_relations": 0.43636363636363634,
    "security_studies": 0.3469387755102041,
    "sociology": 0.43283582089552236,
    "us_foreign_policy": 0.43,
    "virology": 0.41566265060240964,
    "world_religions": 0.391812865497076
  },
  "platform": "Linux-4.18.0-553.89.1.el8_10.x86_64-x86_64-with-glibc2.28",
  "pruning_method": "global_magnitude_semi_structured",
  "pruning_structure": "nm_4_8",
  "python": "3.12.11",
  "seed": 42,
  "sparsity_achieved": 50.0,
  "sparsity_requested": 50,
  "split": "test",
  "timestamp": "2026-04-18T14:29:45.817326+00:00",
  "torch": "2.9.1+cu128",
  "transformers": "5.1.0"
}
