{
  "accuracy": 0.2333000997008973,
  "cuda_available": true,
  "cuda_device_count": 1,
  "dataset": "cais/mmlu",
  "datasets": "4.5.0",
  "emissions_kg_co2": 0.06372583209702247,
  "git_commit": "ef942e1edecc0078e334bf4645d75647363a38ac",
  "group_sparsity_achieved": 39.999825613839285,
  "group_sparsity_requested": 40,
  "metric": "accuracy",
  "model_hf_id": "meta-llama/Llama-3.1-8B-Instruct",
  "model_name": "llama31_8b_instruct",
  "num_correct": 3276,
  "num_groups_pruned": 183500,
  "num_groups_total": 458752,
  "num_nonzero_target_params": 4724473856,
  "num_samples": 14042,
  "num_total_target_params": 6979321856,
  "per_subject_accuracy": {
    "abstract_algebra": 0.2,
    "anatomy": 0.1925925925925926,
    "astronomy": 0.19078947368421054,
    "business_ethics": 0.25,
    "clinical_knowledge": 0.19245283018867926,
    "college_biology": 0.24305555555555555,
    "college_chemistry": 0.19,
    "college_computer_science": 0.26,
    "college_mathematics": 0.26,
    "college_medicine": 0.24277456647398843,
    "college_physics": 0.20588235294117646,
    "computer_security": 0.28,
    "conceptual_physics": 0.24680851063829787,
    "econometrics": 0.23684210526315788,
    "electrical_engineering": 0.23448275862068965,
    "elementary_mathematics": 0.1984126984126984,
    "formal_logic": 0.2777777777777778,
    "global_facts": 0.18,
    "high_school_biology": 0.2129032258064516,
    "high_school_chemistry": 0.15763546798029557,
    "high_school_computer_science": 0.27,
    "high_school_european_history": 0.22424242424242424,
    "high_school_geography": 0.20707070707070707,
    "high_school_government_and_politics": 0.24352331606217617,
    "high_school_macroeconomics": 0.24102564102564103,
    "high_school_mathematics": 0.21851851851851853,
    "high_school_microeconomics": 0.20168067226890757,
    "high_school_physics": 0.19205298013245034,
    "high_school_psychology": 0.1981651376146789,
    "high_school_statistics": 0.18981481481481483,
    "high_school_us_history": 0.2549019607843137,
    "high_school_world_history": 0.25738396624472576,
    "human_aging": 0.26905829596412556,
    "human_sexuality": 0.2595419847328244,
    "international_law": 0.23140495867768596,
    "jurisprudence": 0.26851851851851855,
    "logical_fallacies": 0.2331288343558282,
    "machine_learning": 0.32142857142857145,
    "management": 0.13592233009708737,
    "marketing": 0.31196581196581197,
    "medical_genetics": 0.3,
    "miscellaneous": 0.23243933588761176,
    "moral_disputes": 0.2514450867052023,
    "moral_scenarios": 0.23798882681564246,
    "nutrition": 0.238562091503268,
    "philosophy": 0.19935691318327975,
    "prehistory": 0.2037037037037037,
    "professional_accounting": 0.23049645390070922,
    "professional_law": 0.2470664928292047,
    "professional_medicine": 0.19852941176470587,
    "professional_psychology": 0.2549019607843137,
    "public_relations": 0.24545454545454545,
    "security_studies": 0.20408163265306123,
    "sociology": 0.24378109452736318,
    "us_foreign_policy": 0.27,
    "virology": 0.3072289156626506,
    "world_religions": 0.32748538011695905
  },
  "platform": "Linux-4.18.0-553.89.1.el8_10.x86_64-x86_64-with-glibc2.28",
  "pruning_method": "global_magnitude_structured",
  "pruning_structure": "mlp_channel",
  "python": "3.12.11",
  "seed": 42,
  "sparsity_achieved": 32.307551457331726,
  "sparsity_requested": 40,
  "split": "test",
  "timestamp": "2026-04-18T10:19:36.643491+00:00",
  "torch": "2.9.1+cu128",
  "transformers": "5.1.0"
}
