{
  "cloud_provider": "",
  "codecarbon_version": "3.2.2",
  "country_name": "Canada",
  "cpu_power_w": 52.992924347434524,
  "duration_s": 2146.163047807291,
  "emissions_kg_co2": 0.09790150295183946,
  "energy_consumed_kwh": 0.15597488217637698,
  "gpu_power_w": 164.99840719128056,
  "ram_power_w": 46.0
}
