{
  "accuracy": 0.23080757726819542,
  "cuda_available": true,
  "cuda_device_count": 1,
  "dataset": "cais/mmlu",
  "datasets": "4.5.0",
  "emissions_kg_co2": 0.09790150295183946,
  "git_commit": "0615d9fbbefa8cbd64310c83c4ef76934b8d0841",
  "metric": "accuracy",
  "model_hf_id": "meta-llama/Llama-3.1-8B-Instruct",
  "model_name": "llama31_8b_instruct",
  "num_correct": 3241,
  "num_nonzero_target_params": 2093796557,
  "num_samples": 14042,
  "num_total_target_params": 6979321856,
  "per_subject_accuracy": {
    "abstract_algebra": 0.2,
    "anatomy": 0.2074074074074074,
    "astronomy": 0.18421052631578946,
    "business_ethics": 0.29,
    "clinical_knowledge": 0.21132075471698114,
    "college_biology": 0.24305555555555555,
    "college_chemistry": 0.18,
    "college_computer_science": 0.24,
    "college_mathematics": 0.2,
    "college_medicine": 0.2138728323699422,
    "college_physics": 0.20588235294117646,
    "computer_security": 0.25,
    "conceptual_physics": 0.25957446808510637,
    "econometrics": 0.23684210526315788,
    "electrical_engineering": 0.2413793103448276,
    "elementary_mathematics": 0.21428571428571427,
    "formal_logic": 0.2857142857142857,
    "global_facts": 0.18,
    "high_school_biology": 0.18064516129032257,
    "high_school_chemistry": 0.1625615763546798,
    "high_school_computer_science": 0.23,
    "high_school_european_history": 0.24242424242424243,
    "high_school_geography": 0.17676767676767677,
    "high_school_government_and_politics": 0.18652849740932642,
    "high_school_macroeconomics": 0.2,
    "high_school_mathematics": 0.21851851851851853,
    "high_school_microeconomics": 0.2184873949579832,
    "high_school_physics": 0.18543046357615894,
    "high_school_psychology": 0.1908256880733945,
    "high_school_statistics": 0.18518518518518517,
    "high_school_us_history": 0.25,
    "high_school_world_history": 0.26582278481012656,
    "human_aging": 0.30493273542600896,
    "human_sexuality": 0.2595419847328244,
    "international_law": 0.23140495867768596,
    "jurisprudence": 0.25,
    "logical_fallacies": 0.2085889570552147,
    "machine_learning": 0.3392857142857143,
    "management": 0.17475728155339806,
    "marketing": 0.2863247863247863,
    "medical_genetics": 0.29,
    "miscellaneous": 0.24010217113665389,
    "moral_disputes": 0.2543352601156069,
    "moral_scenarios": 0.23798882681564246,
    "nutrition": 0.24509803921568626,
    "philosophy": 0.1864951768488746,
    "prehistory": 0.2345679012345679,
    "professional_accounting": 0.2198581560283688,
    "professional_law": 0.24119947848761408,
    "professional_medicine": 0.21691176470588236,
    "professional_psychology": 0.2565359477124183,
    "public_relations": 0.22727272727272727,
    "security_studies": 0.21224489795918366,
    "sociology": 0.24875621890547264,
    "us_foreign_policy": 0.26,
    "virology": 0.27710843373493976,
    "world_religions": 0.32748538011695905
  },
  "platform": "Linux-4.18.0-553.89.1.el8_10.x86_64-x86_64-with-glibc2.28",
  "python": "3.12.11",
  "seed": 42,
  "sparsity_achieved": 69.9999999971344,
  "sparsity_requested": 70,
  "split": "test",
  "timestamp": "2026-04-17T08:48:51.083151+00:00",
  "torch": "2.9.1+cu128",
  "transformers": "5.1.0"
}
