{
  "accuracy": 0.29048568579974365,
  "cuda_available": true,
  "cuda_device_count": 1,
  "dataset": "cais/mmlu",
  "datasets": "4.5.0",
  "emissions_kg_co2": 0.06587837255694322,
  "git_commit": "ef942e1edecc0078e334bf4645d75647363a38ac",
  "group_sparsity_achieved": 9.999956403459821,
  "group_sparsity_requested": 10,
  "metric": "accuracy",
  "model_hf_id": "meta-llama/Llama-3.1-8B-Instruct",
  "model_name": "llama31_8b_instruct",
  "num_correct": 4079,
  "num_groups_pruned": 45875,
  "num_groups_total": 458752,
  "num_nonzero_target_params": 6415609856,
  "num_samples": 14042,
  "num_total_target_params": 6979321856,
  "per_subject_accuracy": {
    "abstract_algebra": 0.23,
    "anatomy": 0.31851851851851853,
    "astronomy": 0.20394736842105263,
    "business_ethics": 0.27,
    "clinical_knowledge": 0.33584905660377357,
    "college_biology": 0.3055555555555556,
    "college_chemistry": 0.24,
    "college_computer_science": 0.26,
    "college_mathematics": 0.29,
    "college_medicine": 0.2947976878612717,
    "college_physics": 0.24509803921568626,
    "computer_security": 0.32,
    "conceptual_physics": 0.3617021276595745,
    "econometrics": 0.21929824561403508,
    "electrical_engineering": 0.2827586206896552,
    "elementary_mathematics": 0.23544973544973544,
    "formal_logic": 0.3253968253968254,
    "global_facts": 0.21,
    "high_school_biology": 0.31290322580645163,
    "high_school_chemistry": 0.18719211822660098,
    "high_school_computer_science": 0.24,
    "high_school_european_history": 0.23030303030303031,
    "high_school_geography": 0.3838383838383838,
    "high_school_government_and_politics": 0.3160621761658031,
    "high_school_macroeconomics": 0.2948717948717949,
    "high_school_mathematics": 0.25555555555555554,
    "high_school_microeconomics": 0.2605042016806723,
    "high_school_physics": 0.2119205298013245,
    "high_school_psychology": 0.3981651376146789,
    "high_school_statistics": 0.24537037037037038,
    "high_school_us_history": 0.29411764705882354,
    "high_school_world_history": 0.29535864978902954,
    "human_aging": 0.3721973094170404,
    "human_sexuality": 0.35877862595419846,
    "international_law": 0.2727272727272727,
    "jurisprudence": 0.3333333333333333,
    "logical_fallacies": 0.2392638036809816,
    "machine_learning": 0.17857142857142858,
    "management": 0.36893203883495146,
    "marketing": 0.3418803418803419,
    "medical_genetics": 0.4,
    "miscellaneous": 0.42528735632183906,
    "moral_disputes": 0.30346820809248554,
    "moral_scenarios": 0.26927374301675977,
    "nutrition": 0.24509803921568626,
    "philosophy": 0.3086816720257235,
    "prehistory": 0.29012345679012347,
    "professional_accounting": 0.2375886524822695,
    "professional_law": 0.242503259452412,
    "professional_medicine": 0.1948529411764706,
    "professional_psychology": 0.2777777777777778,
    "public_relations": 0.32727272727272727,
    "security_studies": 0.24081632653061225,
    "sociology": 0.3383084577114428,
    "us_foreign_policy": 0.38,
    "virology": 0.2469879518072289,
    "world_religions": 0.3333333333333333
  },
  "platform": "Linux-4.18.0-553.89.1.el8_10.x86_64-x86_64-with-glibc2.28",
  "pruning_method": "global_magnitude_structured",
  "pruning_structure": "mlp_channel",
  "python": "3.12.11",
  "seed": 42,
  "sparsity_achieved": 8.076887864332939,
  "sparsity_requested": 10,
  "split": "test",
  "timestamp": "2026-04-18T10:19:36.643491+00:00",
  "torch": "2.9.1+cu128",
  "transformers": "5.1.0"
}
